cat,name,model,url,imgs,nkv,cov,spec,ids
프레스,15T Manual Pellet Press,YP-15B,http://www.henchld.com/en/15T-Manual-Pellet-Press-PG4264980,6,14,1.0,"{""Instrument model"": ""YP-15B"", ""Pressure range"": ""0-15T(0-35Mpa)"", ""Cylinder diameter"": ""80mm"", ""Pressure conversion"": ""1Mpa=0.5T"", ""Pressure gauge"": ""pressure tonnage (T), pressure Mpa double scale display"", ""Piston stroke"": ""40mm"", ""Pressure stability"": ""<1Mpa/10min"", ""Table diameter"": ""Φ130mm"", ""Number of columns"": ""2"", ""Valid space"": ""140x150mm"", ""Dimensions"": ""275x200x425mm"", ""Equipment weight"": ""52.9Kg"", ""Overall structure"": ""manual hydraulic system, forging process, integrated structure (equipped with No. 68 wear-resistant hydraulic oil)"", ""Configuration description"": ""According to customer needs, the column can be increased, and various types of round, square, shaped, battery molds can be selected within the pressure range""}",202409011035272810A2004DA34207 202409011035271E3C5603FE50F192 20240901103527EEB6690C539E66B2 202409011035271F387304D9D368DE 202409011035282EF278BE89ED680D 202409011035285B751C13234600D4
프레스,3T Manual Pellet Press,YP-3,http://www.henchld.com/en/3T-Manual-Pellet-Press-PG4264976,6,14,1.0,"{""Instrument model"": ""YP-3"", ""Pressure range"": ""0-3T(0-30Mpa)"", ""Cylinder diameter"": ""35mm"", ""Pressure conversion"": ""1Mpa=0.1T"", ""Pressure gauge"": ""pressure tonnage (T), pressure Mpa double scale display"", ""Piston stroke"": ""30mm"", ""Pressure stability"": ""<1Mpa/10min"", ""Table diameter"": ""Φ50mm"", ""Number of columns"": ""2"", ""Valid space"": ""90x120mm"", ""Size"": ""210x170x375mm"", ""Weight"": ""24Kg"", ""Overall structure"": ""manual hydraulic system, forging process, integrated structure (equipped with No. 68 wear-resistant hydraulic oil)"", ""Configuration description"": ""According to customer needs, the column can be increased, and various types of round, square, shaped, battery die can be selected within the pressure range.""}",20240901104314A3D5CA897B35C030 2024090110431463DC7469B877BFD2 20240901104314F1EC0229384FEAA8 202409011043147518C9D3F0F6946A 20240901104314712DFA5753685808 202409011043158A3425F4B4D378C0
프레스,12T Manual Pellet Press,YP-12,http://www.henchld.com/en/12T-Manual-Pellet-Press-PG4264978,6,14,1.0,"{""Instrument model"": ""YP-12"", ""Pressure range"": ""0-15T(0-32Mpa)"", ""Cylinder diameter"": ""70mm"", ""Pressure conversion"": ""1Mpa=0.4T"", ""Pressure gauge"": ""pressure tonnage (T), pressure Mpa double scale display"", ""Piston stroke"": ""32mm"", ""Pressure stability"": ""<1Mpa/10min"", ""Table diameter"": ""Φ80mm"", ""Number of columns"": ""2"", ""Valid space"": ""92x130mm"", ""Size"": ""230x160x385mm"", ""Weight"": ""28Kg"", ""Overall structure"": ""manual hydraulic system, forging process, integrated structure (equipped with No. 68 wear-resistant hydraulic oil)"", ""Configuration description"": ""According to customer needs, the column can be increased, and various types of round, square, shaped, battery die can be selected within the pressure range.""}",202409011039192CFC53E977C44312 202409011039191C6113199A5254C1 2024090110392031D7A2810AE59391 20240901103920838BDCC7A465D169 20240901103920B99432070849E241 2024090110392048585A8D52031792
프레스,15T Manual Pellet Press,YP-15,http://www.henchld.com/en/15T-Manual-Pellet-Press-PG4264979,6,14,1.0,"{""Instrument model"": ""YP-15"", ""Pressure range"": ""0-15T(0-33Mpa)"", ""Cylinder diameter"": ""75mm"", ""Pressure conversion"": ""1Mpa=0.5T"", ""Pressure gauge"": ""pressure tonnage (T), pressure Mpa double scale display"", ""Piston stroke"": ""32mm"", ""Pressure stability"": ""<1Mpa/10min"", ""Table diameter"": ""Φ80mm"", ""Number of columns"": ""2"", ""Valid space"": ""92x130mm"", ""Dimensions"": ""230x160x385mm"", ""Equipment weight"": ""28Kg"", ""Overall structure"": ""manual hydraulic system, forging process, integrated structure (equipped with No. 68 wear-resistant hydraulic oil)"", ""Configuration description"": ""According to customer needs, the column can be increased, and various types of round, square, shaped, battery molds can be selected within the pressure range""}",2024090110364994809C8BFDAE6C65 2024090110364951A2F7ABAA056AC7 20240901103650D7F65737F32C118C 20240901103650948C8FC1DAFD5DA9 2024090110365088E683125BD24147 2024090110365064FEF9F725BBC02A
프레스,5T Manual Pellet Press,YP-5,http://www.henchld.com/en/5T-Manual-Pellet-Press-PG4264977,6,14,1.0,"{""Instrument model"": ""YP-5"", ""Pressure range"": ""0-5T(0-31.5Mpa)"", ""Cylinder diameter"": ""45mm"", ""Pressure conversion"": ""1Mpa=0.16T"", ""Pressure gauge"": ""pressure tonnage (T), pressure Mpa double scale display"", ""Piston stroke"": ""30mm"", ""Pressure stability"": ""<1Mpa/10min"", ""Table diameter"": ""Φ80mm"", ""Number of columns"": ""2"", ""Valid space"": ""90x120mm"", ""Size"": ""210x170x375mm"", ""Weight"": ""24Kg"", ""Overall structure"": ""manual hydraulic system, forging process, integrated structure (equipped with No. 68 wear-resistant hydraulic oil)"", ""Configuration description"": ""According to customer needs, the column can be increased, and various types of round, square, shaped, battery die can be selected within the pressure range.""}",20240901104044DFEF3491D9C4D768 20240901104044F14F18CE53C24DCB 202409011040444F3017B3A30DCC2B 202409011040454B0C9171B0F6BAEB 20240901104045EEF03858E0C86269 202409011040452E77BB4B94709C14
프레스,30T Manual Pellet Press,YP-30,http://www.henchld.com/en/30T-Manual-Pellet-Press-PG4264983,6,12,1.0,"{""Model"": ""YP-30"", ""Pressure"": ""0-30T（31.5MPa）"", ""Piston diameter"": ""Chrome-plated cylinder Φ110mm（d）"", ""Construction"": ""No sealing connection, reducing oil leakage points"", ""Pressure display"": ""T and MPa"", ""Max. piston stroke"": ""40mm（T）"", ""Pressure stability"": ""≤1MPa/10min"", ""Table diameter"": ""Φ120mm（D）"", ""Columns"": ""4"", ""Column spacing"": ""92×160mm（M×N）"", ""Size"": ""275×195×420mm"", ""Weight"": ""56Kg""}",2024090110265909ADB628D7C7CC2F 2024090110270081985EB49ABE3DF2 202409011027007913400179D17668 20240901102700CBB684A8F248FC27 202409011027001D0972E38B325510 20240901102700778BC087C544BD79
프레스,24T Manual Pellet Press,YP-24,http://www.henchld.com/en/24T-Manual-Pellet-Press-PG4264982,6,14,1.0,"{""Instrument model"": ""YP-24"", ""Pressure range"": ""0-24T(0-34.5Mpa)"", ""Cylinder diameter"": ""95mm"", ""Pressure conversion"": ""1Mpa=0.7T"", ""Pressure gauge"": ""pressure tonnage (T), pressure Mpa double scale display"", ""Piston stroke"": ""30mm"", ""Pressure stability"": ""≤1Mpa/10min"", ""Table diameter"": ""Φ105mm"", ""Number of columns"": ""4"", ""Available space"": ""80x80x150mm"", ""Size"": ""250x180x425mm"", ""Weight"": ""42.5Kg"", ""Overall structure"": ""manual hydraulic system, forging process, integrated structure (equipped with No. 68 wear-resistant hydraulic oil)"", ""Configuration description"": ""According to customer needs, the column can be increased, and varioustypes of round, square, shaped, battery die can be selected within the pressure range.""}",20240901102828F68C91F916802F5A 20240901102828B66775F4F0337EAC 2024090110282914A9BE5D284BC61B 202409011028296F1CA7F0F52495B8 202409011028294D896FB307CF27D9 202409011028296D0C6E9893CDF275
프레스,3T Digital Manual Pellet Press,YP-3S,http://www.henchld.com/en/3T-Digital-Manual-Pellet-Press-PG4264985,6,14,1.0,"{""Instrument model"": ""YP-3S"", ""Pressure range"": ""0-3T(0-30Mpa)"", ""Cylinder diameter"": ""35mm"", ""Pressure conversion"": ""lMpa=0.1T"", ""Pressure gauge"": ""DDNT high precision digital sensor display, tonnage display (T), can be switched Mpa, accuracy 0.01T"", ""Piston stroke"": ""30mm"", ""Pressure stability"": ""<1Mpa/10min"", ""Working table diameter"": ""50mm"", ""Number of columns"": ""2"", ""Available space"": ""90x120mm"", ""Dimensions"": ""210x170x375mm"", ""Weight"": ""11.5Kg"", ""Overall structure"": ""manual hydraulic system, forging process, integrated structure (equipped with No. 68 wear-resistant hydraulic oil)"", ""Configuration description"": ""According to customer needs, the column can be increased, and various types of round, square, shaped, battery die can be selected within the pressure range.""}",202409011012264E4C70C429182CA9 202409011012268A5E1A5158F391A7 20240901101226E0C38A0B47988E02 20240901101227A16E62A1CFA94E65 20240901101227DA763C49552D7F65 202409011012275EE7D8CC4A85E0E5
프레스,15T Pellet Press（4 Columns）,YP-15R,http://www.henchld.com/en/15T-Pellet-Press-4-Columns-PG4264981,6,14,1.0,"{""Instrument model"": ""YP-15R"", ""Pressure range"": ""0-15T(0-30.5Mpa)"", ""Cylinder diameter"": ""80mm"", ""Pressure conversion"": ""1Mpa=0.5T"", ""Pressure gauge"": ""pressure tonnage (T), pressure Mpa double scale display"", ""Piston stroke"": ""30mm"", ""Pressure stability"": ""≤1Mpa/10min"", ""Table diameter"": ""Φ90mm"", ""Number of columns"": ""4"", ""Available space"": ""80x80x150mm"", ""Size"": ""250x180x425mm"", ""Weight"": ""42.5Kg"", ""Overall structure"": ""manual hydraulic system, forging process, integrated structure (equipped with No. 68 wear-resistant hydraulic oil)"", ""Configuration description"": ""According to customer needs, the column can be increased, and varioustypes of round, square, shaped, battery die can be selected within the pressure range.""}",20240901103007C3B5CFFCEBDC8B7A 20240901103007482EFBC1F9B1D64E 20240901103007468B1BDE67DF05F2 202409011030076559098AB1D3F5CE 20240901103008FC905B2B331D3B00 20240901103008B0DB7928EC2259A5
프레스,40T Manual Pellet Press,YP-30,http://www.henchld.com/en/40T-Manual-Pellet-Press-PG4264984,6,14,1.0,"{""Instrument model"": ""YP-30"", ""Pressure range"": ""0-30T(0-32Mpa)"", ""Cylinder diameter"": ""110mm"", ""Pressure conversion"": ""1Mpa=0.95T"", ""Pressure gauge"": ""pressure tonnage (T), pressure Mpa double scale display"", ""Piston stroke"": ""40mm"", ""Pressure stability"": ""≤1Mpa/10min"", ""Table diameter"": ""Φ120mm"", ""Number of columns"": ""4"", ""Available space"": ""92x92x160mm"", ""Size"": ""275x210x475mm"", ""Weight"": ""57.5Kg"", ""Overall structure"": ""manual hydraulic system, forging process, integrated structure (equipped with No. 68 wear-resistant hydraulic oil)"", ""Configuration description"": ""According to customer needs, the column can be increased, and varioustypes of round, square, shaped, battery die can be selected within the pressure range.""}",20240901102526BE2396A17C43E1E0 20240901102527FC2A5C3ECE77D0F4 2024090110252710C45ADD0F03FA3E 202409011025276D2E284971619E74 202409011025276BEF8006FBD4EACD 20240901102527F3939125F4559648
프레스,5T Digital Manual Pellet Press,YP-5S,http://www.henchld.com/en/5T-Digital-Manual-Pellet-Press-PG4264986,6,14,1.0,"{""Instrument model"": ""YP-5S"", ""Pressure range"": ""0-5T(0-31.5Mpa)"", ""Cylinder diameter"": ""45mm"", ""Pressure conversion"": ""lMpa=0.16T"", ""Pressure gauge"": ""DDNT high precision digital sensor display, tonnage display (T), can be switched Mpa, accuracy 0.01T"", ""Piston stroke"": ""30mm"", ""Pressure stability"": ""<1Mpa/10min"", ""Working table diameter"": ""80mm"", ""Number of columns"": ""2"", ""Available space"": ""90x120mm"", ""Size"": ""210x170x375mm"", ""Weight"": ""24Kg"", ""Overall structure"": ""manual hydraulic system, forging process, integrated structure (equipped with No. 68 wear-resistant hydraulic oil)"", ""Configuration description"": ""According to customer needs, the column can be increased, and various types of round, square, shaped, battery die can be selected within the pressure range.""}",202409011011128EB0C04D87B751FC 202409011011136BEAEF6541412DC5 20240901101113ED18F538CB2E57A7 2024090110111318C0D1A80E88FA85 20240901101113C4C6F6B4C0B7BFDC 20240901101113B4036FF79C24B611
프레스,15T Digital Manual Pellet Press,YP-15S,http://www.henchld.com/en/15T-Digital-Manual-Pellet-Press-PG4264988,6,14,1.0,"{""Instrument model"": ""YP-15S"", ""Pressure range"": ""0-15T(0-33Mpa)"", ""Cylinder diameter"": ""75mm"", ""Pressure conversion"": ""lMpa=0.5T"", ""Pressure gauge"": ""DDNT high precision digital sensor display, tonnage display (T), can be switched Mpa, accuracy 0.01T"", ""Piston stroke"": ""32mm"", ""Pressure stability"": ""<1Mpa/10min"", ""Working table diameter"": ""80mm"", ""Number of columns"": ""2"", ""Available space"": ""92x130mm"", ""Dimensions"": ""230x160x385mm"", ""Weight"": ""28Kg"", ""Overall structure"": ""manual hydraulic system, forging process, integrated structure (equipped with No. 68 wear-resistant hydraulic oil)"", ""Configuration description"": ""According to customer needs, the column can be increased, and various types of round, square, shaped, battery die can be selected within the pressure range""}",20240901100603434001A55708C6C1 20240901100603A79FE3EA8C838C7A 20240901100603391F0D537AA5FAC7 2024090110060470642A7ACCCCC417 2024090110060459BED0E9825C3EC5 202409011006040577161B9733845D
프레스,12T Digital Manual Pellet Press,YP-12S,http://www.henchld.com/en/12T-Digital-Manual-Pellet-Press-PG4264987,6,14,1.0,"{""Instrument model"": ""YP-12S"", ""Pressure range"": ""0-12T(0-32Mpa)"", ""Cylinder diameter"": ""70mm"", ""Pressure conversion"": ""lMpa=0.4T"", ""Pressure gauge"": ""DDNT high precision digital sensor display, tonnage display (T), can be switched Mpa, accuracy 0.01T"", ""Piston stroke"": ""32mm"", ""Pressure stability"": ""<1Mpa/10min"", ""Working table diameter"": ""80mm"", ""Number of columns"": ""2"", ""Available space"": ""92x130mm"", ""Dimensions"": ""230x160x385mm"", ""Equipment weight"": ""28Kg"", ""Overall structure"": ""manual hydraulic system, forging process, integrated structure (equipped with No. 68 wear-resistant hydraulic oil)"", ""Configuration description"": ""According to customer needs, the column can be increased, and various types of round, square, shaped, battery molds can be selected within the pressure range.""}",20240901100902A9F4428D8E02250E 20240901100902287A6F8177D6ADEE 20240901100902613C73CFCC9385F9 20240901100903487F1A8E223B890C 20240901100904C57FE86DEC0C6181 20240901100904865D5EA9DE9819EA
프레스,30T Digital Manual Pellet Press,YP-30S,http://www.henchld.com/en/30T-Digital-Manual-Pellet-Press-PG4264991,6,14,1.0,"{""Instrument model"": ""YP-30S"", ""Pressure range"": ""0-30T(0-32Mpa)"", ""Cylinder diameter"": ""110mm"", ""Pressure conversion"": ""lMpa=0.95T"", ""Pressure gauge"": ""DDNT high precision digital sensor display, tonnage display (T), can be switched Mpa, accuracy 0.01T"", ""Piston stroke"": ""40mm"", ""Pressure stability"": ""<1Mpa/10min"", ""Working table diameter"": ""120mm"", ""Number of columns"": ""4"", ""Available space"": ""92x92x160mm"", ""Dimensions"": ""275x210x475mm"", ""Weight"": ""57.5Kg"", ""Overall structure"": ""manual hydraulic system, forging process, integrated structure (equipped with No. 68 wear-resistant hydraulic oil)"", ""Configuration description"": ""According to customer needs, the column can be increased, and various types of round, square, shaped, battery molds can be selected within the pressure range""}",2024090109501261C22B80BDD229ED 20240901095012F1381768B98D6AA9 2024090109501206E861874FF14A18 202409010950138B5F31DC8CB32FD1 20240901095013F37B27D60BD8DFF9 20240901095013B29CB048B6301E13
프레스,15T Digital Manual Pellet Press（4 Columns）,YP-15RS,http://www.henchld.com/en/15T-Digital-Manual-Pellet-Press-4-Columns-PG4264989,6,14,1.0,"{""Instrument model"": ""YP-15RS"", ""Pressure range"": ""0-15T(0-30.5Mpa)"", ""Cylinder diameter"": ""80mm"", ""Pressure conversion"": ""lMpa=0.5T"", ""Pressure gauge"": ""DDNT high precision digital sensor display, tonnage display (T), can be switched Mpa, accuracy 0.01T"", ""Piston stroke"": ""30mm"", ""Pressure stability"": ""<1Mpa/10min"", ""Working table diameter"": ""90mm"", ""Number of columns"": ""4"", ""Available space"": ""80x80x150mm"", ""Dimensions"": ""250x180x425mm"", ""Weight"": ""42.5Kg"", ""Overall structure"": ""manual hydraulic system, forging process, integrated structure (equipped with No. 68 wear-resistant hydraulic oil)"", ""Configuration description"": ""According to customer needs, the column can be increased, and various types of round, square, shaped, battery molds can be selected within the pressure range""}",2024090110002541CD914B786C7FC7 2024090109594804C41FB8D66DA571 20240901095948CB04FB1755998B99 202409010959498C74B54AE07A31E9 202409010959490C60BE9F67FFE81C 20240901095950241D63A87E2CBD42
프레스,15T Manual Protection Pellet Press,YP-15F,http://www.henchld.com/en/15T-Manual-Protection-Pellet-Press-PG4264993,6,15,0.98,"{""Instrument model"": ""YP-15F"", ""Pressure range"": ""0-15T(0-31Mpa)"", ""Cylinder diameter"": ""80mm"", ""Pressure conversion"": ""1Mpa=0.5T"", ""Pressure"": ""tonnage (T)/ pressure Mpa dual scale display"", ""Piston stroke"": ""30mm"", ""Equipment protection"": ""side opening 5mm plexiglass protective door, translation latch latch safe and convenient"", ""Pressure stability"": ""<1Mpa/10min"", ""Table diameter"": ""Phi 90mm"", ""Number of columns"": ""4"", ""Effective space"": ""80x80x150mm"", ""Dimensions"": ""260x175x400mm"", ""Equipment weight"": ""43Kg"", ""Overall structure"": ""manual hydraulic system, forging process, integrated structure (equipped with No. 68 wear-resistant hydraulic oil)"", ""Configuration description"": ""All kinds of round, square, shaped, battery die can be selected within the pressure range""}",202409010926086C2D08421EA618C3 20240901092608784EB6CAE557F56F 20240901092609DB2D2E931E7D1D6A 202409010926098BCA9CD5C5800561 202409010926106F690D46F4210B1B 202409010926104C29B19AD5F2CA33
프레스,24T Digital Manual Pellet Press,YP-24S,http://www.henchld.com/en/24T-Digital-Manual-Pellet-Press-PG4264990,6,14,1.0,"{""Instrument model"": ""YP-24S"", ""Pressure range"": ""0-24T(0-34.5Mpa)"", ""Cylinder diameter"": ""95mm"", ""Pressure conversion"": ""lMpa=0.7T"", ""Pressure gauge"": ""DDNT high precision digital sensor display, tonnage display (T), can be switched Mpa, accuracy 0.01T"", ""Piston stroke"": ""30mm"", ""Pressure stability"": ""<1Mpa/10min"", ""Working table diameter"": ""105mm"", ""Number of columns"": ""4"", ""Available space"": ""80x80x150mm"", ""Dimensions"": ""250x180x425mm"", ""Weight"": ""42.5Kg"", ""Overall structure"": ""manual hydraulic system, forging process, integrated structure (equipped with No. 68 wear-resistant hydraulic oil)"", ""Configuration description"": ""According to customer needs, the column can be increased, and various types of round, square, shaped, battery die can be selected within the pressure range""}",2024090109580928BB21D0D9E375CB 20240901095811418ECF24586B8D55 20240901095811B5A67B9AD7432845 202409010958116F006E5F732439B3 2024090109581267403BD2387F84A1 20240901095813A30AABF8F1BCFDC0
프레스,40T Digital Manual Pellet Press,YP-40S,http://www.henchld.com/en/40T-Digital-Manual-Pellet-Press-PG4264992,7,14,1.0,"{""Instrument model"": ""YP-40S"", ""Pressure range"": ""0-40T(0-31Mpa)"", ""Cylinder diameter"": ""130mm"", ""Pressure conversion"": ""lMpa=1.33T"", ""Pressure gauge"": ""DDNT high precision digital sensor display, tonnage display (T), can be switched Mpa, accuracy 0.01T"", ""Piston stroke"": ""50mm"", ""Pressure stability"": ""<1Mpa/10min"", ""Working table diameter"": ""140mm"", ""Number of columns"": ""4"", ""Available space"": ""106x106x160mm"", ""Dimensions"": ""300x220x455mm"", ""Equipment weight"": ""79Kg"", ""Overall structure"": ""manual hydraulic system, forging process, integrated structure (equipped with No. 68 wear-resistant hydraulic oil)"", ""Configuration description"": ""According to customer needs, the column can be increased, and various types of round, square, shaped, battery molds can be selected within the pressure range""}",2024090109475984E67789F3894C9B 20240901094759C1C04FAC60D0E385 202409010947590CB3A3EFB2D92D08 2024090109480034F15E2FE4A6043E 20240901094800C3C8DCAD5DD901D1 2024090109480000B6C11DD5E184FF 20240901094800F01F0B5E3EE1C2C1
프레스,24T Manual Protection Pellet Press,YP-24F,http://www.henchld.com/en/24T-Manual-Protection-Pellet-Press-PG4264994,6,15,0.98,"{""Instrument model"": ""YP-24F"", ""Pressure range"": ""0-24T(0-34.5Mpa)"", ""Cylinder diameter"": ""95mm"", ""Pressure conversion"": ""1Mpa=0.7T"", ""Pressure"": ""tonnage (T)/ pressure Mpa dual scale display"", ""Piston stroke"": ""30mm"", ""Equipment protection"": ""side opening 5mm plexiglass protective door, translation latch latch safe and convenient"", ""Pressure stability"": ""<1Mpa/10min"", ""Table diameter"": ""Phi 105mm"", ""Number of columns"": ""4"", ""Effective space"": ""112x112x160mm"", ""Dimensions"": ""305x195x430mm"", ""Equipment weight"": ""66Kg"", ""Overall structure"": ""manual hydraulic system, forging process, integrated structure (equipped with No. 68 wear-resistant hydraulic oil)"", ""Configuration description"": ""All kinds of round, square, shaped, battery molds can be selected within the pressure range""}",2024090109242786F69288077546E3 20240901092427E75C7D750B3477F7 202409010924271C2B64B1E17B5EAB 20240901092428FF948D0C5049A2EE 202409010924286CA91BB2261AB2D5 2024090109242876E7015CD3CB41A6
프레스,30T Manual Protection Pellet Press,YP-30F,http://www.henchld.com/en/30T-Manual-Protection-Pellet-Press-PG4264995,6,15,0.98,"{""Instrument model"": ""YP-30F"", ""Pressure range"": ""0-30T(0-32Mpa)"", ""Cylinder diameter"": ""110mm"", ""Pressure conversion"": ""1Mpa=0.95T"", ""Pressure"": ""tonnage (T)/ pressure Mpa dual scale display"", ""Piston stroke"": ""30mm"", ""Equipment protection"": ""side opening 5mm plexiglass protective door, translation latch latch safe and convenient"", ""Pressure stability"": ""<1Mpa/10min"", ""Table diameter"": ""Phi 120mm"", ""Number of columns"": ""4"", ""Effective space"": ""112x112x160mm"", ""Dimensions"": ""305x195x430mm"", ""Equipment weight"": ""66Kg"", ""Overall structure"": ""manual hydraulic system, forging process, integrated structure (equipped with No. 68 wear-resistant hydraulic oil)"", ""Configuration description"": ""All kinds of round, square, shaped, battery molds can be selected within the pressure range""}",2024090109214200D029A6F74D0A3A 20240901092143B83450C942B599FD 202409010921446D158E754645E5B4 20240901092144667926C317873E55 2024090109214595D318D4404352B1 202409010921459A643531F3E5AB6F
프레스,40T Manual Protection Pellet Press,YP-40F,http://www.henchld.com/en/40T-Manual-Protection-Pellet-Press-PG4264996,6,15,0.98,"{""Instrument model"": ""YP-40F"", ""Pressure range"": ""0-40T(0-30.5Mpa)"", ""Cylinder diameter"": ""130mm"", ""Pressure conversion"": ""1Mpa=1.33T"", ""Pressure"": ""tonnage (T)/ pressure Mpa dual scale display"", ""Piston stroke"": ""50mm"", ""Equipment protection"": ""side opening 5mm plexiglass protective door, translation latch latch safe and convenient"", ""Pressure stability"": ""<1Mpa/10min"", ""Table diameter"": ""Phi 140mm"", ""Number of columns"": ""4"", ""Effective space"": ""126x126x185mm"", ""Dimensions"": ""355x215x510mm"", ""Equipment weight"": ""101Kg"", ""Overall structure"": ""manual hydraulic system, forging process, integrated structure (equipped with No. 68 wear-resistant hydraulic oil)"", ""Configuration description"": ""All kinds of round, square, shaped, battery molds can be selected within the pressure range""}",20240901092007E76E39162F76E638 20240901092007C4FD3169400204E6 2024090109200893603EBDCDBCD5CF 20240901092009382B1CA8FCA8BDF5 20240901092010FCA8C4D4B49CA409 20240901092010080EBCA0908866E9
프레스,60T Manual Protection Pellet Press,YP-60F,http://www.henchld.com/en/60T-Manual-Protection-Pellet-Press-PG4264997,6,15,1.0,"{""Instrument model"": ""YP-60F"", ""Pressure range"": ""0-60T(0-35Mpa)"", ""Cylinder diameter"": ""150mm"", ""Pressure conversion"": ""1Mpa=1.76T"", ""Pressure gauge"": ""Pressure tonnage (T)/ pressure Mpa dual scale display"", ""Piston stroke"": ""50mm"", ""Equipment protection"": ""side opening 5mm plexiglass protective door, translation latch latch safe and convenient"", ""Pressure stability"": ""<1Mpa/10min"", ""Table diameter"": ""Phi 160mm"", ""Number of columns"": ""4"", ""Effective space"": ""185x185x210mm"", ""Dimensions"": ""405x240x570mm"", ""Equipment weight"": ""122Kg"", ""Overall structure"": ""manual hydraulic system, forging process, integrated structure (equipped with No. 68 wear-resistant hydraulic oil)"", ""Configuration description"": ""All kinds of round, square, shaped, battery molds can be selected within the pressure range""}",202409010918202FED96809FA3D15A 20240901091821E26CB0A0DEC4915F 20240901091821108C9B078F9A05B6 202409010918210B33D58EFC0D0A10 202409010918225573E0565FA9D568 20240901091822241ED4D579C499A4
프레스,15T Digital Protection Pellet Press,YP-15FS,http://www.henchld.com/en/15T-Digital-Protection-Pellet-Press-PG4264998,6,15,1.0,"{""Instrument model"": ""YP-15FS"", ""Pressure range"": ""0-15T(0-31Mpa)"", ""Cylinder diameter"": ""80mm"", ""Pressure conversion"": ""1Mpa=0.5T"", ""Pressure gauge"": ""DDNT high precision digital sensor display, tonnage display (T), can be switched Mpa, accuracy 0.01T"", ""Piston stroke"": ""30mm"", ""Equipment protection"": ""side opening 5mm plexiglass protective door, translation latch latch safe and convenient"", ""Pressure stability"": ""<1Mpa/10min"", ""Table diameter"": ""Φ90mm"", ""Number of columns"": ""4"", ""Effective space"": ""80x80x150mm"", ""Dimensions"": ""260x175x400mm"", ""Equipment weight"": ""43Kg"", ""Overall structure"": ""manual hydraulic system, forging process, integrated structure (equipped with No. 68 wear-resistant hydraulic oil)"", ""Configuration description"": ""All kinds of round, square, shaped, battery molds can be selected within the pressure range""}",20240901090957242375FCE71F6510 2024090109095770968B31409C4476 202409010909578AC5592806DA4243 20240901090958C84A7E3A8F715E87 202409010909583A6E6123C0135D0F 2024090109095865BAD478F73B4485
프레스,30T Digital Protection Pellet Press,YP-30FS,http://www.henchld.com/en/30T-Digital-Protection-Pellet-Press-PG4265000,6,15,1.0,"{""Instrument model"": ""YP-30FS"", ""Pressure range"": ""0-30T(0-32Mpa)"", ""Cylinder diameter"": ""110mm"", ""Pressure conversion"": ""1Mpa=0.95T"", ""Pressure gauge"": ""DDNT high precision digital sensor display, tonnage display (T), can be switched Mpa, accuracy 0.01T"", ""Piston stroke"": ""30mm"", ""Equipment protection"": ""side opening 5mm plexiglass protective door, translation latch latch safe and convenient"", ""Pressure stability"": ""<1Mpa/10min"", ""Table diameter"": ""Phi 120mm"", ""Number of columns"": ""4"", ""Effective space"": ""112x112x160mm"", ""Dimensions"": ""305x195x430mm"", ""Equipment weight"": ""66Kg"", ""Overall structure"": ""manual hydraulic system, forging process, integrated structure (equipped with No. 68 wear-resistant hydraulic oil)"", ""Configuration description"": ""All kinds of round, square, shaped, battery molds can be selected within the pressure range""}",20240901090555358C3D7668C5B7C3 202409010905569327315C251FABF1 202409010905573652BEC3CAA7ADB9 202409010905572BCF951FA5D27561 20240901090558140E2D489C55B735 202409010905586D9BE1489FFFB8C2
프레스,40T Digital Protection Pellet Press,YP-40FS,http://www.henchld.com/en/40T-Digital-Protection-Pellet-Press-PG4265001,6,15,1.0,"{""Instrument model"": ""YP-40FS"", ""Pressure range"": ""0-40T(0-30.5Mpa)"", ""Cylinder diameter"": ""130mm"", ""Pressure conversion"": ""1Mpa=1.33T"", ""Pressure gauge"": ""DDNT high precision digital sensor display, tonnage display (T), can be switched Mpa, accuracy 0.01T"", ""Piston stroke"": ""50mm"", ""Equipment protection"": ""side opening 5mm plexiglass protective door, translation latch latch safe and convenient"", ""Pressure stability"": ""<1Mpa/10min"", ""Table diameter"": ""Phi 140mm"", ""Number of columns"": ""4"", ""Effective space"": ""126x126x185mm"", ""Dimensions"": ""355x215x510mm"", ""Equipment weight"": ""101Kg"", ""Overall structure"": ""manual hydraulic system, forging process, integrated structure (equipped with No. 68 wear-resistant hydraulic oil)"", ""Configuration description"": ""All kinds of round, square, shaped, battery molds can be selected within the pressure range""}",20240901090131E82AE5D6205F644D 202409010901320ED60710BCEF4895 2024090109013276F0673F60908609 2024090109013206CAA87C5DD0A7B8 20240901090133741C4050289C89CE 2024090109013396CC84D84A02A92A
프레스,24T Digital Protection Pellet Press,YP-24FS,http://www.henchld.com/en/24T-Digital-Protection-Pellet-Press-PG4264999,6,15,1.0,"{""Instrument model"": ""YP-24FS"", ""Pressure range"": ""0-24T(0-34.5Mpa)"", ""Cylinder diameter"": ""95mm"", ""Pressure conversion"": ""1Mpa=0.7T"", ""Pressure gauge"": ""DDNT high precision digital sensor display, tonnage display (T), can be switched Mpa, accuracy 0.01T"", ""Piston stroke"": ""30mm"", ""Equipment protection"": ""side opening 5mm plexiglass protective door, translation latch latch safe and convenient"", ""Pressure stability"": ""<1Mpa/10min"", ""Table diameter"": ""Phi 105mm"", ""Number of columns"": ""4"", ""Effective space"": ""112x112x160mm"", ""Dimensions"": ""305x195x430mm"", ""Equipment weight"": ""66Kg"", ""Overall structure"": ""manual hydraulic system, forging process, integrated structure (equipped with No. 68 wear-resistant hydraulic oil)"", ""Configuration description"": ""All kinds of round, square, shaped, battery molds can be selected within the pressure range""}",2024090109075899C4A623E1D39F41 20240901090759407735F82D42BDB9 202409010907590D7877F79B36809C 20240901090759517AAF9A1039C595 2024090109080090B29D2FF91E9A32 2024090109080012D92E852D03A672
프레스,20T Electric Pellet Press,HDP-20S,http://www.henchld.com/en/20T-Electric-Pellet-Press-PG4265003,6,16,1.0,"{""Instrument model"": ""HDP-20S"", ""pressure range"": ""0-20T"", ""Cylinder diameter"": ""ф95mm"", ""Travel ofpiston"": ""30mm"", ""Pressure die"": ""Electric PCB program buffer pressurization"", ""Aftercompaction way"": ""Real-time automatic pressure compensation"", ""Pressure gage"": ""4.5-inch capacitive touch LCD screen"", ""Pressure stability"": ""≤1MPa/10min"", ""Design structure"": ""The whole form structure, no pressure and no oil leakage"", ""Safety performance"": ""Equipped with emergency stop switch to ensure safety"", ""Table diameter"": ""Φ105mm"", ""Number of columns"": ""4 roots"", ""Work space"": ""85x150mm"", ""Device power supply"": ""220V(50Hz/60Hz)"", ""Boundary dimension"": ""261x391x468"", ""Weight"": ""59Kg""}",202411191038186EB030772BC187A8 202409010846060C7A9E273D5647F9 20240901084607858D43274D8BE95D 20240901084607B7BA01D1202E0BE3 20240901084608C7B40754DC7BA8D8 20240901084608C05EB0CE968BCA5D
프레스,60T Digital Protection Pellet Press,YP-60FS,http://www.henchld.com/en/60T-Digital-Protection-Pellet-Press-PG4265002,6,15,1.0,"{""Instrument model"": ""YP-60FS"", ""Pressure range"": ""0-60T(0-35Mpa)"", ""Cylinder diameter"": ""150mm"", ""Pressure conversion"": ""1Mpa=1.76T"", ""Pressure gauge"": ""DDNT high precision digital sensor display, tonnage display (T), can be switched Mpa, accuracy 0.01T"", ""Piston stroke"": ""50mm"", ""Equipment protection"": ""side opening 5mm plexiglass protective door, translation latch latch safe and convenient"", ""Pressure stability"": ""<1Mpa/10min"", ""Table diameter"": ""Phi 160mm"", ""Number of columns"": ""4"", ""Effective space"": ""185x185x210mm"", ""Dimensions"": ""405x240x570mm"", ""Equipment weight"": ""122Kg"", ""Overall structure"": ""manual hydraulic system, forging process, integrated structure (equipped with No. 68 wear-resistant hydraulic oil)"", ""Configuration description"": ""All kinds of round, square, shaped, battery molds can be selected within the pressure range""}",202409010859098B460533A32FD3E4 20240901085832FCC6BF62FC2821A8 2024090108583313A3B94517E7988F 20240901085833A6C1C7523AF24044 20240901085833F6BAE68B035C3634 20240901085834198D9C846EAA54C4
프레스,40T Electric Pellet Press,HDP-40S,http://www.henchld.com/en/40T-Electric-Pellet-Press-PG4265005,6,22,1.0,"{""Instrument model"": ""HDP-40S"", ""Pressure range"": ""0.5-40.0T"", ""Accuracy range"": ""0.1T"", ""Cylinder diameter"": ""130mm"", ""Piston stroke"": ""50mm"", ""Pressure mode"": ""electric PCB program buffer pressure, automatic pressure, manual pressure relief"", ""Screen display"": ""4.5-inch capacitive touch LCD screen/English interface can be set"", ""Pressure stability"": ""≤1Mpa/10min"", ""Overall structure"": ""forging process, integrated structure (equipped with No. 68 wear-resistant hydraulic oil) as a whole into a formal structure, no pressure and no oil leakage"", ""Limit function"": ""automatic pressure relief when the cylinder exceeds the limit height"", ""Safety protection"": ""Side opening 5mm high strength plexiglass protective door, translation latch latch safe and convenient"", ""Passive safety"": ""program pressure mechanical fault reporting emergency stop function, leakage protection + emergency stop switch"", ""Number of columns"": ""4"", ""Table diameter"": ""Φ148mm"", ""Pressure holding time"": ""unlimited time (N seconds)"", ""Setting method"": ""Touch screen directly modify the set value (convenient and quick)"", ""Power supply"": ""220V(50Hz/60Hz)/ Customized 110V"", ""Equipment power"": ""550W"", ""Effective space"": ""145x145x180mm"", ""Dimensions"": ""350x390x625mm"", ""Equipment weight"": ""111Kg"", ""Configuration description"": ""Can be customized or improved according to user needs. All kinds of round, square, shaped and battery molds can be selected within the pressure range""}",20241119103727787CD977555E0C56 2024083014525227DA66E4C6D46A31 202408301452522223D57DDF084916 20240830145253554D2D668054E892 20240830145253B7C9081F4310EA45 202408301452537722160934B5BA49
프레스,30T Electric Pellet Press,HDP-30S,http://www.henchld.com/en/30T-Electric-Pellet-Press-PG4265004,6,16,1.0,"{""Instrument model"": ""HDP-30S"", ""pressure range"": ""0-30T"", ""Cylinder diameter"": ""Ф115mm"", ""Travel ofpiston"": ""40mm"", ""Pressure die"": ""Electric PCB program buffer pressurization"", ""Aftercompaction way"": ""Real-time automatic pressure compensation"", ""Pressure gage"": ""4.5-inch capacitive touch LCD screen"", ""Pressure stability"": ""≤1MPa/10min"", ""Design structure"": ""The whole form structure, no pressure and no oil leakage"", ""Safety performance"": ""Equipped with emergency stop switch to ensure safetyProtection function：Plexiqlass protective door"", ""Table diameter"": ""Ф120mm"", ""Number of columns"": ""4 roots"", ""Work space"": ""95x160mm"", ""Device power supply"": ""220V(50Hz/60Hz)"", ""Boundary dimension"": ""281x461x560"", ""Weight"": ""73Kg""}",202411191038001D2D0666E7542AEF 20240830145813848392404EBD4FEC 20240830145813FFE074E72BF20F1A 202408301458130D948DFF60EE70A1 20240830145814E38D3A2B154F887F 20240830145814B9F52FEBFD43145A
프레스,20T Automatic Pellet Press,HDP-20S,http://www.henchld.com/en/20T-Automatic-Pellet-Press-PG4265009,6,22,1.0,"{""Instrument model"": ""HDP-20S"", ""Pressure range"": ""0.2-20.0T"", ""Accuracy range"": ""0.1T"", ""Cylinder diameter"": ""95mm"", ""Piston stroke"": ""30mm"", ""Pressure mode"": ""electric PCB program buffer pressure, automatic pressure, manual pressure relief"", ""Screen display"": ""4.5-inch capacitive touch LCD screen/English interface can be set"", ""Pressure stability"": ""≤1Mpa/10min"", ""Overall structure"": ""forging process, integrated structure (equipped with No. 68 wear-resistant hydraulic oil) as a whole into a formal structure, no pressure and no oil leakage"", ""Limit function"": ""automatic pressure relief when the cylinder exceeds the limit height"", ""Safety protection"": ""Side opening 5mm high strength plexiglass protective door, translation latch latch safe and convenient"", ""Passive safety"": ""program pressure mechanical fault reporting emergency stop function, leakage protection + emergency stop switch"", ""Number of columns"": ""4"", ""Table diameter"": ""Φ105mm"", ""Pressure holding time"": ""unlimited time (N seconds)"", ""Setting method"": ""Touch screen directly modify the set value (convenient and quick)"", ""Power supply"": ""220V(50Hz/60Hz)/ Customized 110V"", ""Equipment power"": ""550W"", ""Effective space"": ""80x80x150mm"", ""Dimensions"": ""240x390x565mm"", ""Equipment weight"": ""70.5Kg"", ""Configuration description"": ""Can be customized or improved according to user needs. All kinds of round, square, shaped and battery molds can be selected within the pressure range""}",2024083014311517AF386F3B11742A 20240830143115BE04307D11089561 20240830143115D6A092795435C31B 202408301431159730F26FB80A6E24 20240830143116DE4A03201782E891 202408301431166FE9C3BC057B97B1
프레스,30T Automatic Pellet Press,HDP-30S,http://www.henchld.com/en/30T-Automatic-Pellet-Press-PG4265010,6,22,1.0,"{""Instrument model"": ""HDP-30S"", ""Pressure range"": ""0.3-30.0T"", ""Accuracy range"": ""0.1T"", ""Cylinder diameter"": ""110mm"", ""Piston stroke"": ""40mm"", ""Pressure die"": ""electric PCB program buffer pressure, automatic pressure, manual pressure relief"", ""Screen display"": ""4.5-inch capacitive touch LCD screen/English interface can be set"", ""Pressure stability"": ""≤1Mpa/10min"", ""Overall structure"": ""forging process, integrated structure (equipped with No. 68 wear-resistant hydraulic oil) as a whole into a formal structure, no pressure and no oil leakage"", ""Limit function"": ""automatic pressure relief when the cylinder exceeds the limit height"", ""Safety protection"": ""Side opening 5mm high strength plexiglass protective door, translation latch latch safe and convenient"", ""Passive safety"": ""program pressure mechanical fault reporting emergency stop function, leakage protection + emergency stop switch"", ""Number of columns"": ""4"", ""Table diameter"": ""Φ128mm"", ""Pressure holding time"": ""unlimited time (N seconds)"", ""Setting method"": ""Touch screen directly modify the set value (convenient and quick)"", ""Power supply"": ""220V(50Hz/60Hz)/ Customized 110V"", ""Equipment power"": ""550W"", ""Effective space"": ""104x104x160mm"", ""Dimensions"": ""295x390x605mm"", ""Equipment weight"": ""73Kg"", ""Configuration description"": ""Can be customized or improved according to user needs. All kinds of round, square, shaped and battery die can be selected within the pressure range.""}",202408301426216C04FD932CCAC6FD 20240830142622583BAC6F72263D6C 20240830142622CA605E349FA472B1 2024083014262250C2D11B730BA09C 20240830142623F83E23216F5A99D7 20240830142623C2E2EA446901319D
프레스,60T Automatic Pellet Press,HAP-60S,http://www.henchld.com/en/60T-Automatic-Pellet-Press-PG4265012,6,23,1.0,"{""Instrument model"": ""HAP-60S"", ""Pressure range"": ""1.0-60T"", ""Cylinder diameter"": ""Φ150mm"", ""Automatic control"": ""Use Savta intelligent program to control 5 sections of pressure/optional 15 sections of pressure"", ""Pressure die"": ""program automatic pressure - automatic pressure - timing pressure - automatic pressure relief"", ""Pressure holding time"": ""unlimited time (N seconds)"", ""Pressure conversion"": ""The system automatically converts the pressure of the sample (over"", ""pressure"": ""reminder)"", ""Device display"": ""7-inch touch LCD screen/English interface can be switched"", ""Equipment protection"": ""10mm high-strength aluminum oxide plate +6mm plexiglass protective door"", ""Limit protection"": ""automatic pressure relief when the cylinder exceeds the limit height"", ""Host protection"": ""program pressure mechanical fault emergency stop function, the actual pressure exceedsthe maximum pressure of the machine automatically start pressure relief program"", ""Data management"": ""can store 10,000 historical operation records, and can export U disk"", ""Cylinder stroke"": ""≤50mm"", ""Demoulding pressure"": ""can be set within the pressure bearing range"", ""Passive safety"": ""leakage protection + emergency stop switch"", ""Intelligent operation"": ""(optional) Computer connection for remote operation/can be customized according to customer needs"", ""Power supply"": ""220V(50Hz/60Hz)/ Customized 110V"", ""Equipment power"": ""400W"", ""Valid space"": ""190x190x225mm"", ""Dimensions"": ""305x520x585mm"", ""Weight"": ""182Kg"", ""Configuration description"": ""Can be customized or improved according to user needs. All kinds of round,square, shaped and battery die can be selected within the pressure range.""}",2024083011193824D39C4ABE0B160D 20240830111938D1B13E9DED7B6DEC 20240830111938F4975B82DDD34441 2024083011193835CF7DD51D189A64 2024083011193929CE49770B4D48A5 2024083011193975A67A75471A3C26
프레스,150T Automatic Pellet Press,HAP-150FS,http://www.henchld.com/en/150T-Automatic-Pellet-Press-PG4265014,1,28,1.0,"{""Instrument model"": ""HAP-150FS"", ""Pressure range"": ""3-150T"", ""Cylinder diameter"": ""Φ250mm"", ""Automatic control"": ""Use Savta intelligent program to control 5 sections of pressure optional 15 sections of pressure"", ""Pressure die"": ""program automatic pressure - automatic pressure - timing pressure - automatic pressure relief"", ""Pressure holding time"": ""unlimited time (N seconds)"", ""Pressure conversion"": ""The system automatically converts the pressure of the sample (over"", ""pressure"": ""value is at least 0.3T, and the minimum difference can be customized according to requirements (less than 0.3T)."", ""Device display"": ""7-inch touch LCD screen/English interface can be switched"", ""Equipment protection"": ""6.5mm high strength steel plate +6mm Plexiglass protective door"", ""Limit protection"": ""automatic pressure relief when the cylinder exceeds the limit height"", ""Host protection"": ""program pressure mechanical fault emergency stop function, the actual"", ""Data management"": ""can store 10,000 historical operation records, and can export U disk"", ""Cylinder stroke"": ""50mm"", ""Demoulding pressure"": ""can be set within the pressure bearing range"", ""Passive safety"": ""leakage protection + emergency stop switch"", ""Intelligent operation"": ""(optional) Computer connection for remote operation/can be customized according to customer needs"", ""Power supply"": ""220V(50Hz/60Hz)/ Customized 110V"", ""Equipment power"": ""1500W"", ""Effective space"": ""300x300x260mmMain machine"", ""dimensions"": ""420x600x925mm"", ""Weight"": ""552KgControl box"", ""size"": ""300x480x480mmControl box"", ""weight"": ""85Kg"", ""Configuration description"": ""Can be customized or improved according to user needs.Optional pressure range of all kinds of round, square, shaped, battery, etc"", ""Supplementary pressure setting"": ""the difference between the upper limit of pressure andthe supplementary""}",202408301025327FFB31E0895E4CCF
프레스,60T Electric Pellet Press,HDP-60S,http://www.henchld.com/en/60T-Electric-Pellet-Press-PG4265006,6,22,1.0,"{""Instrument model"": ""HDP-60S"", ""Pressure range"": ""1.0-60.0T"", ""Accuracy range"": ""0.1T"", ""Cylinder diameter"": ""150mm"", ""Piston stroke"": ""50mm"", ""Pressure die"": ""electric PCB program buffer pressure, automatic pressure, manual pressure relief"", ""Screen display"": ""4.5-inch capacitive touch LCD screen/English interface can be set"", ""Pressure stability"": ""≤1Mpa/10min"", ""Overall structure"": ""forging process, integrated structure (equipped with No. 68 wear-resistant hydraulic oil) as a whole into a formal structure, no pressure and no oil leakage"", ""Limit function"": ""automatic pressure relief when the cylinder exceeds the limit height"", ""Safety protection"": ""Side opening 5mm high strength plexiglass protective door, translation latch latch safe and convenient"", ""Passive safety"": ""program pressure mechanical fault reporting emergency stop function, leakage protection + emergency stop switch"", ""Number of columns"": ""4"", ""Table diameter"": ""Φ168mm"", ""Pressure holding time"": ""unlimited time (N seconds)"", ""Setting method"": ""Touch screen directly modify the set value (convenient and quick)"", ""Power supply"": ""220V(50Hz/60Hz)/ Customized 110V"", ""Equipment power"": ""550W"", ""Effective space"": ""185x185x200mm"", ""Dimensions"": ""370x390x685mm"", ""Weight"": ""142Kg"", ""Configuration description"": ""Can be customized or improved according to user needs. All kinds of round, square, shaped and battery molds can be selected within the pressure range.""}",2024111910370556A6B8C78966EA26 202408301447537855B9B9B9A52F3D 20240830144753E83790A23A56F175 20240830144754BED2072C5775D5E0 20240830144754BC7B45D490606732 20240830144754D197C5D72634F482
프레스,40T Automatic Fluorometer Pellet Press,FTP-40X,http://www.henchld.com/en/40T-Automatic-Fluorometer-Pellet-Press-PG4265016,5,22,1.0,"{""Instrument model"": ""FTP-40X"", ""Pressure range"": ""0.5-40T"", ""Piston diameter"": ""Φ130mm"", ""Automatic control"": ""Use Savta intelligent program to control the five-stage pressure"", ""Pressure mode"": ""program automatic pressure - automatic pressure - timing pressure - automatic pressure relief"", ""Mold specifications"": ""can be customized)"", ""Pressure holding time"": ""unlimited time (seconds)"", ""Pressure conversion"": ""The system automatically converts the pressure of the sample (over"", ""pressure"": ""warning)"", ""Display mode"": ""7-inch touch LCD screen/English interface can be switched"", ""Die material"": ""400C high hardness die steel (quenching hardness 85°)"", ""Setting method"": ""Touch screen operation is convenient and fast"", ""Demoulding pressure"": ""can be set within the pressure bearing rangeRelease mode: Press the \""release key\"" to automatically remove the film"", ""Equipment protection"": ""10mm high-strength aluminum oxide plate +6mm plexiglass door"", ""Cylinder limit protection"": ""automatic pressure relief when the cylinder exceeds the limit height"", ""Host protection"": ""program pressure mechanical fault emergency stop function, the actual pressure exceeds the maximum pressure of the machine automatically start pressure relief program"", ""Data management"": ""can store 10,000 historical operation records, and can export U disk"", ""Power supply"": ""220V(50Hz/60Hz)/ Customized 110V"", ""Cylinder stroke"": ""≤50mm"", ""Dimensions"": ""280x460x556mm"", ""Equipment weight"": ""152Kg""}",2024083010175773452D1DA230A81C 2024083010175730E8DBCCD144BDEE 2024083010175788251ACABE411543 202408301017584857881404E3A341 202408301017589339D83A5E788D82
프레스,60T Automatic Fluorometer Pellet Press,FTP-60X,http://www.henchld.com/en/60T-Automatic-Fluorometer-Pellet-Press-PG4265017,6,23,1.0,"{""Instrument model"": ""FTP-60X"", ""Pressure range"": ""1-60T"", ""Piston diameter"": ""Φ150mm"", ""Automatic control"": ""Use Savta intelligent program to control the five-stage pressure"", ""Pressure die"": ""program automatic pressure - automatic pressure - timing pressure - automatic pressure relief"", ""Mold specifications"": ""can be customized)"", ""Pressure holding time"": ""unlimited time (seconds)"", ""Pressure conversion"": ""The system automatically converts the pressure of the sample (over"", ""pressure"": ""warning)"", ""Display die"": ""7-inch touch LCD screen/English interface can be switched"", ""Die material"": ""400C high hardness die steel (quenching hardness 85°)"", ""Setting method"": ""Touch screen operation is convenient and fast"", ""Demoulding pressure"": ""can be set within the pressure bearing range"", ""Release die"": ""Press the \""release key\"" to automatically remove the film"", ""Equipment protection"": ""10mm high-strength aluminum oxide plate +6mm plexiglass door"", ""Cylinder limit protection"": ""automatic pressure relief when the cylinder exceeds the limit height"", ""Host protection"": ""program pressure mechanical fault emergency stop function, the actual pressure exceeds the maximum pressure of the machine automatically start pressure relief program"", ""Data management"": ""can store 10,000 historical operation records, and can export U disk"", ""Power supply"": ""220V(50Hz/60Hz)/ Customized 110V"", ""Cylinder stroke"": ""≤50mm"", ""Dimensions"": ""300x520x585mm"", ""Equipment weight"": ""183Kg""}",202408301009150A27707309EE0B63 20240830100916C98F406FB3B741EA 20240830100916FEA932F006C5002C 20240830100916367679BF8B1D48E4 2024083010091608C7BF0BAD0DC518 20240830100916BE9403023F74AFF0
프레스,40T Automatic Pellet Press,HAP-40S,http://www.henchld.com/en/40T-Automatic-Pellet-Press-PG4265011,6,23,1.0,"{""Instrument model"": ""HAP-40S"", ""Pressure range"": ""1.0-40T"", ""Cylinder diameter"": ""Φ130mm"", ""Automatic control"": ""Use Savta intelligent program to control 5 sections of pressure/optional 15 sections of pressure"", ""Pressure mode"": ""program automatic pressure - automatic pressure - timing pressure - automatic pressure relief"", ""Pressure holding time"": ""unlimited time (N seconds)"", ""Pressure conversion"": ""The system automatically converts the pressure of the sample (over"", ""pressure"": ""reminder)"", ""Device display"": ""7-inch touch LCD screen/English interface can be switched"", ""Equipment protection"": ""10mm high-strength aluminum oxide plate +6mm plexiglass protective door"", ""Limit protection"": ""automatic pressure relief when the cylinder exceeds the limit height"", ""Host protection"": ""program pressure mechanical fault emergency stop function, the actual pressure exceedsthe maximum pressure of the machine automatically start pressure relief program"", ""Data management"": ""can store 10,000 historical operation records, and can export U disk"", ""Cylinder stroke"": ""≤50mm"", ""Demoulding pressure"": ""can be set within the pressure bearing range"", ""Passive safety"": ""leakage protection + emergency stop switch"", ""Intelligent operation"": ""(optional) Computer connection for remote operation/can be customized according to customer needs"", ""Power supply"": ""220V(50Hz/60Hz)/ Customized 110V"", ""Equipment power"": ""400W"", ""Valid space"": ""170x170x180mm"", ""Dimensions"": ""285x460x555mm"", ""Equipment weight"": ""152Kg"", ""Configuration description"": ""Can be customized or improved according to user needs. All kinds of round,square, shaped and battery molds can be selected within the pressure range""}",202408301353091A61787844A022A2 2024083013530991C60BE9E27DE167 202408301353101280B2B1F5F3FA7D 202408301353102DE59E0374D86D7B 202408301353102411AD2D6D6D999F 20240830135311A5B6601B53857E1C
프레스,30T Automatic Fluorometer Pellet Press,FTP-30X,http://www.henchld.com/en/30T-Automatic-Fluorometer-Pellet-Press-PG4265015,6,23,1.0,"{""Instrument model"": ""FTP-30X"", ""Pressure range"": ""0.3-30T"", ""Piston diameter"": ""Φ110mm"", ""Automatic control"": ""Use Savta intelligent program to control the five-stage pressure"", ""Pressure die"": ""program automatic pressure - automatic pressure - timing pressure - automatic pressure relief"", ""Mold specifications"": ""can be customized)"", ""Pressure holding time"": ""unlimited time (seconds)"", ""Pressure conversion"": ""The system automatically converts the pressure of the sample (over"", ""pressure"": ""warning)"", ""Display die"": ""7-inch touch LCD screen/English interface can be switched"", ""Die material"": ""400C high hardness die steel (quenching hardness 85°)"", ""Setting method"": ""Touch screen operation is convenient and fast"", ""Demoulding pressure"": ""can be set within the pressure bearing range"", ""Release die"": ""Press the \""release key\"" to automatically remove the film"", ""Equipment protection"": ""10mm high-strength aluminum oxide plate +6mm plexiglass door"", ""Cylinder limit protection"": ""automatic pressure relief when the cylinder exceeds the limit height"", ""Host protection"": ""program pressure mechanical fault emergency stop function, the actual pressure exceeds the maximum pressure of the machine automatically start pressure relief program"", ""Data management"": ""can store 10,000 historical operation records, and can export U disk"", ""Power supply"": ""220V(50Hz/60Hz)/ Customized 110V"", ""Cylinder stroke"": ""≤30mm"", ""Dimensions"": ""260x390x465mm"", ""Weight"": ""101Kg""}",20240830101957088E89122E3B57F0 20240830101958C045B9876E3F904B 202408301019582304D7B7EC40DC2B 20240830101958C42CECE17A5557C5 20240830101959844CAFB014A416D9 202408301019594D60E28FAD82C69A
프레스,100T Automatic Pellet Press,HAP-100FS,http://www.henchld.com/en/100T-Automatic-Pellet-Press-PG4265007,6,28,1.0,"{""Instrument model"": ""HAP-100FS"", ""Pressure range"": ""1-100T"", ""Cylinder diameter"": ""Φ200mm"", ""Automatic control"": ""Use Savta intelligent program to control 5 sections of pressure optional 15 sections of pressure"", ""Pressure die"": ""program automatic pressure - automatic pressure - timing pressure - automatic pressure relief"", ""Pressure holding time"": ""unlimited time (N seconds)"", ""Pressure conversion"": ""The system automatically converts the pressure of the sample (over"", ""pressure"": ""value is at least 0.3T, and the minimum difference can be customized according to requirements (less than 0.3T)."", ""Device display"": ""7-inch touch LCD screen/English interface can be switched"", ""Equipment protection"": ""6.5mm high strength steel plate +6mm Plexiglass protective door"", ""Limit protection"": ""automatic pressure relief when the cylinder exceeds the limit height"", ""Host protection"": ""program pressure mechanical fault emergency stop function, the actual"", ""Data management"": ""can store 10,000 historical operation records, and can export U disk"", ""Cylinder stroke"": ""50mm"", ""Demoulding pressure"": ""can be set within the pressure bearing range"", ""Passive safety"": ""leakage protection + emergency stop switch"", ""Intelligent operation"": ""(optional) Computer connection for remote operation/can be customized according to customer needs"", ""Power supply"": ""220V(50Hz/60Hz)/ Customized 110V"", ""Equipment power"": ""1500W"", ""Effective space"": ""260x260x230mmMain machine"", ""dimensions"": ""380x520x735mm"", ""Weight"": ""451KgControl box"", ""size"": ""300x480x480mmControl box"", ""weight"": ""85Kg"", ""Configuration description"": ""Can be customized or improved according to user needs.Optional pressure range of all kinds of round, square, shaped, battery, etc"", ""Supplementary pressure setting"": ""the difference between the upper limit of pressure andthe supplementary""}",20241119095838286562B77B51C35E 20240830143835C52FD011958FD23F 20240830143835241BA9A00E4FAFE1 20240830143835018B4AF58553E12E 2024083014383574513B9F6104355A 20240830143836D6B28E1D000AF96E
프레스,40T Electric Isostatic Pressure Pellet Press,HDP-40J,http://www.henchld.com/en/40T-Electric-Isostatic-Pressure-Pellet-Press-PG4265024,6,24,1.0,"{""Instrument model"": ""HDP-40J"", ""Pressure range"": ""0.5-40.0T"", ""Cylinder diameter"": ""Φ130mm"", ""Cylinder stroke"": ""≤50mm"", ""Chamber size"": ""40x150mm"", ""Cavity material"": ""3 chromium 13# die steel"", ""Ambient temperature"": ""9°C-42°C"", ""Maximum pressure"": ""<300Mpa(500Mpa can be customized)"", ""Pressure die"": ""electric PCB program buffer pressure/automatic precise pressure, manual pressure relief"", ""Pressure holding time"": ""unlimited time (N seconds)"", ""Display die"": ""4.5-inch LCD touch screen/English interface can be set"", ""Setting method"": ""Touch directly modify the set value (convenient and fast)"", ""Cylinder limit protection"": ""automatic pressure relief when the cylinder exceeds the limit height"", ""Number of columns"": ""4"", ""Pressure stability"": ""≤1Mpa/10min"", ""Overall structure"": ""forging process, integrated structure (equipped with No. 68 wear-resistant hydraulic oil) as a whole into a formal structure, no pressure and no oil leakage"", ""Equipment safety"": ""program pressure mechanical failure error emergency stop function, side opening 5mm high strength plexiglass protective door, translation latch door safe and convenient."", ""Passive safety"": ""leakage protection + emergency stop switch + plexiglass shield"", ""Table diameter"": ""148mm"", ""Dimensions"": ""355x450x715mm"", ""Weight"": ""152Kg"", ""Equipment power"": ""400W"", ""Power supply"": ""220V(50Hz/60Hz) 110V can be customized"", ""Configuration description"": ""Can be customized to improve the isostatic press or rubber die.""}",202411190907274C7B923330A378F4 20240830092317290442C7083A86E7 20240830092317327B0977327760EB 202408300923176AAC06A3D3A95F27 2024083009231700C4706B8385A3A1 202408300923175AB7DA4C3C89B4FE
프레스,60T Manual Isostatic Pressure Pellet Press,YP-60J/ S,http://www.henchld.com/en/60T-Manual-Isostatic-Pressure-Pellet-Press-PG4265021,6,17,1.0,"{""Instrument model"": ""YP-60J/ S"", ""Pressure range"": ""0-60T/35Mpa"", ""Pressure conversion"": ""1Mpa=1.79t"", ""Piston diameter"": ""Φ150mm"", ""Piston stroke"": ""≤50mm"", ""Chamber size"": ""50x150mm"", ""Cavity material"": ""3 chromium 13# die steel"", ""Maximum pressure"": ""<300Mpa(500Mpa can be customized)"", ""Pressure gauge"": ""Pointer (dual scale display)/ optional digital display ("", ""accuracy"": ""0.01Mpa)"", ""Equipment protection"": ""Side opening 5mm high strength plexiglass protective door, translation latch latch safe and convenient."", ""Pressure die"": ""manual pressure/manual slow pressure"", ""Ambient temperature"": ""9°C-42°C"", ""Pressure relief die"": ""Manual pressure relief"", ""Dimensions"": ""405x240x725mm"", ""Equipment weight"": ""182Kg"", ""Configuration description"": ""Optional digital display table, also can be customized according to customer size isostatic press or rubber die.""}",202411190909409751C8DEF9A4F19E 2024083009321808A1DC59919426F5 202408300932180A547BA4D831571E 20240830093218373048748E31AC1E 20240830093218D9904F02EA6DDEB2 202408300932183D4FBBE4ADD5AB4A
프레스,40T Manual Isostatic Pressure Pellet Press,YP-40J/ S,http://www.henchld.com/en/40T-Manual-Isostatic-Pressure-Pellet-Press-PG4265020,6,17,1.0,"{""Instrument model"": ""YP-40J/ S"", ""Pressure range"": ""0-40T/31Mpa"", ""Pressure conversion"": ""1Mpa=1.36t"", ""Piston diameter"": ""Φ130mm"", ""Piston stroke"": ""≤50mm"", ""Chamber size"": ""40x150mm"", ""Cavity material"": ""3 chromium 13# die steel"", ""Maximum pressure"": ""<300Mpa(500Mpa can be customized)"", ""Pressure gauge"": ""Pointer (dual scale display)/ optional digital display ("", ""accuracy"": ""0.01Mpa)"", ""Equipment protection"": ""Side opening 5mm high strength plexiglass protective door, translation latch latch safe and convenient."", ""Pressure die"": ""manual pressure/manual slow pressure"", ""Ambient temperature"": ""9°C-42°C"", ""Pressure relief die"": ""Manual pressure relief"", ""Dimensions"": ""355x215x715mm"", ""Equipment weight"": ""133Kg"", ""Configuration description"": ""Optional digital display table, also can be customized according to customer size isostatic press or rubber die.""}",20241119091004A4E23089A9A69DAA 202408300934557EBA78A7B3002A9C 202408300934562D9946249CB9035B 2024083009345605AF11ABE6623F0B 202408300934568E1499C1AC33A7CF 2024083009345661C32E10A3860176
프레스,60T Electric Isostatic Pressure Pellet Press,HDP-60J,http://www.henchld.com/en/60T-Electric-Isostatic-Pressure-Pellet-Press-PG4265025,6,24,1.0,"{""Instrument model"": ""HDP-60J"", ""Pressure range"": ""1.0-60.0T"", ""Cylinder diameter"": ""Φ150mm"", ""Cylinder stroke"": ""≤50mm"", ""Chamber size"": ""50x150mm"", ""Cavity material"": ""3 chromium 13# die steel"", ""Ambient temperature"": ""9°C-42°C"", ""Maximum pressure"": ""<300Mpa(500Mpa can be customized)"", ""Pressure die"": ""electric PCB program buffer pressure/automatic precise pressure, manual pressure relief"", ""Pressure holding time"": ""unlimited time (N seconds)"", ""Display die"": ""4.5-inch LCD touch screen/English interface can be set"", ""Setting method"": ""Touch directly modify the set value (convenient and fast)"", ""Cylinder limit protection"": ""automatic pressure relief when the cylinder exceeds the limit height"", ""Number of columns"": ""4"", ""Pressure stability"": ""≤1Mpa/10min"", ""Overall structure"": ""forging process, integrated structure (equipped with No. 68 wear-resistant hydraulic oil) as a whole into a formal structure, no pressure and no oil leakage."", ""Equipment safety"": ""program pressure mechanical failure error emergency stop function, side opening 5mm high strength plexiglass protective door, translation latch door safe and convenient."", ""Passive safety"": ""leakage protection + emergency stop switch + plexiglass shield"", ""Table diameter"": ""168mm"", ""Dimensions"": ""405x470x725mm"", ""Weight"": ""205Kg"", ""Equipment power"": ""400W"", ""Power supply"": ""220V(50Hz/60Hz) 110V can be customized"", ""Configuration description"": ""Can be customized to improve the isostatic press or rubber die.""}",20241119090633230DE3F502EEDB11 20240830092025D6F8A89BC79E91CD 2024083009202557268E063779AD4C 202408300920255ADB3D03C5DC3751 2024083009202678AE00688DF75578 202408300920266A9BED3F6D096638
프레스,12T Manual Isostatic Pressure Pellet Press,YP-12J/ S,http://www.henchld.com/en/12T-Manual-Isostatic-Pressure-Pellet-Press-PG4265018,6,17,1.0,"{""Instrument model"": ""YP-12J/ S"", ""Pressure range"": ""0-12T/17.5Mpa"", ""Pressure conversion"": ""1Mpa=0.75t"", ""Piston diameter"": ""Φ95mm"", ""Piston stroke"": ""≤30mm"", ""Chamber size"": ""22x70mm"", ""Cavity material"": ""3 chromium 13# die steel"", ""Maximum pressure"": ""<300Mpa(500Mpa can be customized)"", ""Pressure gauge"": ""Pointer (dual scale display)/ optional digital display ("", ""accuracy"": ""0.01Mpa)"", ""Equipment protection"": ""Side opening 5mm high strength plexiglass protective door, translation latch latch safe and convenient"", ""Pressure mode"": ""manual pressure/manual slow pressure"", ""Ambient temperature"": ""9°C-42°C"", ""Pressure relief die"": ""Manual pressure relief"", ""Dimensions"": ""305x195x535mm"", ""Weight"": ""92Kg"", ""Configuration description"": ""Optional digital display table, also can be customized according to customer size isostatic press or rubber die.""}",20241119091121181C7B3A0FF26C50 20240830093946331B0E231B40D13E 202408300939464731E922E36B4369 202408300939465566CDAEEC5FAB67 20240830093946DA188EAA70AA26EA 20240830093947055CCE2D7898C68C
프레스,20T Manual Isostatic Pressure Pellet Press,YP-20J/ S,http://www.henchld.com/en/20T-Manual-Isostatic-Pressure-Pellet-Press-PG4265019,6,17,1.0,"{""Instrument model"": ""YP-20J/ S"", ""Pressure range"": ""0-20T/21.4Mpa"", ""Pressure conversion"": ""1Mpa=0.98t"", ""Piston diameter"": ""Φ110mm"", ""Piston stroke"": ""≤30mm"", ""Chamber size"": ""30x150mm"", ""Cavity material"": ""3 chromium 13# die steel"", ""Maximum pressure"": ""<300Mpa(500Mpa can be customized)"", ""Pressure gauge"": ""Pointer (dual scale display)/ optional digital display ("", ""accuracy"": ""0.01Mpa)"", ""Equipment protection"": ""Side opening 5mm high strength plexiglass protective door, translation latch latch safe and convenient"", ""Pressure mode"": ""manual pressure/manual slow pressure"", ""Ambient temperature"": ""9°C-42°C"", ""Pressure relief die"": ""Manual pressure relief"", ""Dimensions"": ""305x195x605mm"", ""Weight"": ""105Kg"", ""Configuration description"": ""Optional digital display table, also can be customized according to customer size isostatic press or rubber die.""}",20241119091023E44D2F4D1B81A855 20240830093628CA8379EF90064D87 202408300936283FCD50939899A632 202408300936299B3280161788D564 20240830093629D2E61339249ED10F 2024083009362983715045846AA07D
프레스,150T Electric Isostatic Pressure Pellet Press,HAP-150FJ,http://www.henchld.com/en/150T-Electric-Isostatic-Pressure-Pellet-Press-PG4265027,6,26,1.0,"{""Instrument model"": ""HAP-150FJ"", ""Pressure range"": ""5-150T"", ""Cylinder diameter"": ""250mm"", ""Cylinder stroke"": ""≤50mmCavity"", ""size"": ""Φ80x150mm"", ""Cavity material"": ""3 chromium 13# die steel"", ""Ambient temperature"": ""9°C-42°C"", ""Maximum pressure"": ""≤300Mpa(500Mpa can be customized)"", ""Pressure die"": ""motor drive pressure"", ""Pressure process"": ""band pressure - automatic precise pressure replenishment - band pressure retention - timed pressure relief"", ""Number of pressurized sections"": ""5 sections pressurized Optional Settings/Optional 15 sections pressurized"", ""Pressure holding time"": ""Unlimited time (N seconds) Different pressure holding time can be set for each period"", ""Display die"": ""7-inch touch LCD screen/English interface can be switched"", ""Setting method"": ""Touch directly modify the set value (convenient and fastDie"", ""pressure conversion"": ""The program automatically converts/and directly displays the pressure of the sample (Mpa)"", ""Cylinder limit protection"": ""automatic pressure relief when the cylinder exceeds the limit height"", ""Active safety"": ""program pressure mechanical fault report emergency stop function, whenthe system pressure is detected the safety pressure of the touch screen machine automatic pressure relief"", ""Passive safety"": ""leakage protection + emergency stop switch + steel plate protection + Plexiglass protection"", ""Data management"": ""can store 10,000 historical operation records, and can export U disk"", ""Intelligent operation"": ""computer connection for remote operation (optional)/ Can be customized according to customer needs"", ""Device power"": ""700W"", ""Power supply"": ""220V(50Hz/60Hz)/ Customized 110VMain machine"", ""dimensions"": ""420x600x1055mm"", ""Size"": ""500x350x480mm"", ""Weight"": ""685kg"", ""Configuration description"": ""Can be customized to improve the isostatic press or rubber die.""}",202411190905289B9E1ADF89477825 20240830091351F30FA9BDA165D42B 20240830091351787B52E185E01A9B 2024083009135153C139638499AF7A 202408300913512E5D1FBA26C32A43 202408300913522953A1BC348E01F7
프레스,100T Electric Isostatic Pressure Pellet Press,HAP-100FJ,http://www.henchld.com/en/100T-Electric-Isostatic-Pressure-Pellet-Press-PG4265026,6,26,1.0,"{""Instrument model"": ""HAP-100FJ"", ""Pressure range"": ""3-100T"", ""Cylinder diameter"": ""200mm"", ""Cylinder stroke"": ""≤50mmCavity"", ""size"": ""Φ60x150mm"", ""Cavity material"": ""3 chromium 13# die steel"", ""Ambient temperature"": ""9°C-42°C"", ""Maximum pressure"": ""≤300Mpa(500Mpa can be customized)"", ""Pressure die"": ""motor drive pressure"", ""Pressure process"": ""band pressure - automatic precise pressure replenishment - band pressure retention - timed pressure relief"", ""Number of pressurized sections"": ""5 sections pressurized Optional Settings/Optional 15 sections pressurized"", ""Pressure holding time"": ""Unlimited time (N seconds) Different pressure holding time can be set for each period"", ""Display die"": ""7-inch touch LCD screen/English interface can be switched"", ""Setting method"": ""Touch directly modify the set value (convenient and fastMold"", ""pressure conversion"": ""The program automatically converts/and directly displays the pressure of the sample (Mpa)."", ""Cylinder limit protection"": ""automatic pressure relief when the cylinder exceeds the limit height"", ""Active safety"": ""program pressure mechanical fault report emergency stop function, whenthe system pressure is detected the safety pressure of the touch screen machine automatic pressure relief"", ""Passive safety"": ""leakage protection + emergency stop switch + steel plate protection + Plexiglass protection"", ""Data management"": ""can store 10,000 historical operation records, and can export U disk"", ""Intelligent operation"": ""computer connection for remote operation (optional)/ Can be customized according to customer needs."", ""Device power"": ""700W"", ""Power supply"": ""220V(50Hz/60Hz)/ Customized 110VMain machine"", ""dimensions"": ""380x520x935mm"", ""Size"": ""500x350x480mm"", ""Weight"": ""585kg"", ""Configuration description"": ""Can be customized to improve the isostatic press or rubber die.""}",202411190905538D9960AAC37D74A9 20240830091641ED8C9051548DC92B 20240830091641C4E54BCB629B25B3 20240830091641AF175560CAD9AE14 20240830091641F5284DA36FA3CC9F 20240830091641C52512D0241C17A8
프레스,Button Battery Sealing Machine,YP-2N,http://www.henchld.com/en/Button-Battery-Sealing-Machine-PG4265031,5,14,1.0,"{""Instrument model"": ""YP-2N"", ""Pressure gauge"": ""display: Pointer table, pressure pressure dual display"", ""Pressure range"": ""0-2T(24.37Mpa)"", ""Piston diameter"": ""Φ45mm"", ""Sealing die"": ""Standard CR20 series sealing mold (optional CR16, CR24, CR30)"", ""Sealing pressure"": ""0.8~1.2T"", ""Disconnecting die"": ""Standard CR20 series sealing die (optional CR16, CR24, CR30)"", ""Opening pressure"": ""≤0.4T"", ""Overall structure"": ""manual hydraulic system, forging process, integrated structure (equipped with No. 68 wear-resistant hydraulic oil)"", ""Number of columns"": ""2"", ""Pressure stability"": ""≤1Mpa/10minOverall"", ""dimensions"": ""225x155x320mm"", ""Weight"": ""28Kg"", ""Configuration instructions"": ""When the diameter of the seal is ≤ 13, the filling cell on the inner side is >0.2-0.3mm than the space inside the shell.""}",20240830084607524A5D834AB93B51 2024083008460730787502A3FBBBDD 20240830084607D3560535F162E49F 20240830084608B4CE31872A850017 20240830084608542EBF948D931EB7
프레스,20T Automatic Isostatic Pressure Pellet Press,HAP-20J,http://www.henchld.com/en/20T-Automatic-Isostatic-Pressure-Pellet-Press-PG4265028,6,27,1.0,"{""Instrument model"": ""HAP-20J"", ""Pressure range"": ""0.2-20T"", ""Cylinder diameter"": ""Φ95mm"", ""Cylinder stroke"": ""≤30mmCavity"", ""size"": ""Φ22x70mm"", ""Cavity material"": ""3 chromium 13# die steel"", ""Overall structure"": ""forging process, integrated (equipped with No. 68 wear-resistant hydraulic oil) upper plate rocker arm structure, easy to operate"", ""Maximum pressure"": ""<300Mpa(500Mpa can be customized)"", ""Pressure die"": ""motor drive pressure"", ""Pressure process"": ""program automatic pressure - automatic pressure - timing"", ""pressure"": ""- automatic pressure relief"", ""Number of pressurized sections"": ""5 sections pressurized Optional Settings/Optional 15 sections pressurized"", ""Pressure holding time"": ""Unlimited time (N seconds) Different pressure holding time can be set for each period"", ""Display die"": ""7-inch touch LCD screen/English interface can be switched"", ""Setting method"": ""Touch directly modify the set value (convenient and fast)Die"", ""pressure conversion"": ""The program automatically converts/and directly displays the pressure of the sample (Mpa)"", ""Cylinder limit protection"": ""automatic pressure relief when the cylinder exceeds the limit height"", ""Equipment protection"": ""10mm high-strength aluminum oxide plate +6mm plexiglass protective door"", ""Active safety"": ""program pressure mechanical fault emergency stop function, the actual pressureexceeds the maximum pressure of the machine automatically start the pressure relief program"", ""Passive safety"": ""leakage protection + emergency stop switch + steel plate protection + Plexiglass protection"", ""Data management"": ""can store 10,000 historical operation records, and can export U disk"", ""Intelligent operation"": ""computer connection for remote operation (optional)/ Can be customized according to customer needs."", ""Equipment power"": ""400W"", ""Power supply"": ""220V(50Hz/60Hz)/ Customized 110V"", ""Size"": ""240x390x565mm"", ""Weight"": ""111kg"", ""Configuration description"": ""Can be customized to improve the isostatic press or rubber die.""}",202411190904471E48BB61B4AC2A2F 202408300909466A218DFE1DBB2747 20240830090946B6C304E44AD46E20 20240830090946B5AFCE64106D9D1E 20240830090946F429C017AFA4B1FF 202408300909474745FC73350A9F34
프레스,Digital Button Battery Sealing Machine,YP-2NS,http://www.henchld.com/en/Digital-Button-Battery-Sealing-Machine-PG4265032,6,14,1.0,"{""Instrument model"": ""YP-2NS"", ""Pressure gauge"": ""display: digital display, accuracy 0.01T, can be switched Mpa"", ""Pressure range"": ""0-2T(24.37Mpa)"", ""Piston diameter"": ""Φ45mm"", ""Sealing die"": ""Standard CR20 series sealing mold (optional CR16, CR24, CR30)"", ""Sealing pressure"": ""0.8~1.2T"", ""Disconnecting die"": ""Standard CR20 series sealing mold (optional CR16, CR24, CR30)"", ""Opening pressure"": ""≤0.4T"", ""Overall structure"": ""manual hydraulic system, forging process, integrated structure (equipped with No. 68 wear-resistant hydraulic oil)"", ""Number of columns"": ""2"", ""Pressure stability"": ""≤1Mpa/10minOverall"", ""dimensions"": ""225x155x320mm"", ""Weight"": ""28Kg"", ""Configuration instructions"": ""When the diameter of the seal is ≤ 13, the filling cell on the inner side is >0.2-0.3mm than the space inside the shell.""}",20240830083834C1F24802FD07B297 202408300838349B6A6C8D8F18CE3D 2024083008383424CEAF7CFF8A3DFB 202408300838358726CDF1ACE567EB 20240830083835F7BE81419682C7C6 20240830083835A2EBA9DBF7279D94
프레스,60T Automatic Isostatic Pressure Pellet Press,HAP-60J,http://www.henchld.com/en/60T-Automatic-Isostatic-Pressure-Pellet-Press-PG4265030,6,27,1.0,"{""Instrument model"": ""HAP-60J"", ""Pressure range"": ""0.5-60T"", ""Cylinder diameter"": ""Φ150mm"", ""Cylinder stroke"": ""≤50mmCavity"", ""size"": ""Φ50x150mm"", ""Cavity material"": ""3 chromium 13# die steel"", ""Overall structure"": ""forging process, integrated (equipped with No. 68 wear-resistant hydraulic oil) upper plate rocker arm structure, easy to operate"", ""Maximum pressure"": ""<300Mpa(500Mpa can be customized)"", ""Pressure die"": ""motor drive pressure"", ""Pressure process"": ""program automatic pressure - automatic pressure - timing"", ""pressure"": ""- automatic pressure relief"", ""Number of pressurized sections"": ""5 sections pressurized Optional Settings/Optional 15 sections pressurized"", ""Pressure holding time"": ""Unlimited time (N seconds) Different pressure holding time can be set for each period"", ""Display die"": ""7-inch touch LCD screen/English interface can be switched"", ""Setting method"": ""Touch directly modify the set value (convenient and fast)Die"", ""pressure conversion"": ""The program automatically converts/and directly displays the pressure of the sample (Mpa)"", ""Cylinder limit protection"": ""automatic pressure relief when the cylinder exceeds the limit height"", ""Equipment protection"": ""10mm high-strength aluminum oxide plate +6mm plexiglass protective door"", ""Active safety"": ""program pressure mechanical fault emergency stop function, the actual pressureexceeds the maximum pressure of the machine automatically start the pressure relief program"", ""Passive safety"": ""leakage protection + emergency stop switch + steel plate protection + Plexiglass protection"", ""Data management"": ""can store 10,000 historical operation records, and can export U disk"", ""Intelligent operation"": ""computer connection for remote operation (optional)/ Can be customized according to customer needs."", ""Equipment power"": ""400W"", ""Power supply"": ""220V(50Hz/60Hz)/ Customized 110V"", ""Size"": ""300x500x685mm"", ""Weight"": ""241kg"", ""Configuration description"": ""Can be customized to improve the isostatic press or rubber die.""}",20241119090358189AF11D0694929F 20240830090632AA5F036D9B123E23 202408300906322ECE12783FF9BE63 202408300906320C6AC21D98CA48B9 2024083009063396E77757CC07A35D 20240830090633805E0FB64CE1BD4B
프레스,40T Automatic Isostatic Pressure Pellet Press,HAP-40J,http://www.henchld.com/en/40T-Automatic-Isostatic-Pressure-Pellet-Press-PG4265029,6,27,1.0,"{""Instrument model"": ""HAP-40J"", ""Pressure range"": ""0.4-40T"", ""Cylinder diameter"": ""Φ130mm"", ""Cylinder stroke"": ""≤50mmCavity"", ""size"": ""280x460x665mm"", ""Cavity material"": ""3 chromium 13# die steel"", ""Overall structure"": ""forging process, integrated (equipped with No. 68 wear-resistant hydraulic oil) upper plate rocker arm structure, easy to operate"", ""Maximum pressure"": ""<300Mpa(500Mpa can be customized)"", ""Pressure mode"": ""motor drive pressure"", ""Pressure process"": ""program automatic pressure - automatic pressure - timing"", ""pressure"": ""- automatic pressure relief"", ""Number of pressurized sections"": ""5 sections pressurized Optional Settings/Optional 15 sections pressurized"", ""Pressure holding time"": ""Unlimited time (N seconds) Different pressure holding time can be set for each period"", ""Display mode"": ""7-inch touch LCD screen/English interface can be switched"", ""Setting method"": ""Touch directly modify the set value (convenient and fast)Mold"", ""pressure conversion"": ""The program automatically converts/and directly displays the pressure of the sample (Mpa)"", ""Cylinder limit protection"": ""automatic pressure relief when the cylinder exceeds the limit height"", ""Equipment protection"": ""10mm high-strength aluminum oxide plate +6mm plexiglass protective door"", ""Active safety"": ""program pressure mechanical fault emergency stop function, the actual pressureexceeds the maximum pressure of the machine automatically start the pressure relief program"", ""Passive safety"": ""leakage protection + emergency stop switch + steel plate protection + Plexiglass protection"", ""Data management"": ""can store 10,000 historical operation records, and can export U disk"", ""Intelligent operation"": ""computer connection for remote operation (optional)/ Can be customized according to customer needs"", ""Equipment power"": ""400W"", ""Power supply"": ""220V(50Hz/60Hz)/ Customized 110VDevice"", ""Equipment weight"": ""181kg"", ""Configuration description"": ""Can be customized to improve the isostatic press or rubber mold""}",202411190904242E09E7CB64B7CD0E 2024083009081977F6BB20718FE816 20240830090819B06493ECF31F1223 202408300908205D21C8B43B1F7410 20240830090820D3672B461278A84F 2024083009082080631A9CFF3D40BB
프레스,500°C Hot Pellet Press,YPH-800CG,http://www.henchld.com/en/500-C-Hot-Pellet-Press-PG4265036,6,25,0.992,"{""Instrument model"": ""YPH-800CG"", ""Pressure limit"": ""0-24T"", ""Piston diameter"": ""95mm"", ""Cylinder stroke"": ""30mm"", ""Intelligent temperature controller temperature range"": ""room temperature -800°CIntelligent temperature controller temperature"", ""control mode"": ""5 adjustable continuous"", ""temperature"": ""control - automatic temperature rise - automatic insulation - natural cooling"", ""Heating range"": ""500°C"", ""Die size"": ""100x100mm"", ""Effective space"": ""80x140mm"", ""Pressure and temperature control accuracy"": ""0.1T/0.1°C(can be customized to set the accuracy)"", ""Pressure holding time"": ""unlimited time (manual pressure relief)"", ""Display die"": ""7-inch LCD touch screen/English interface can be switchedDie"", ""pressure conversion"": ""PCB control program automatically conversion display sample pressure (Mpa)"", ""Heating plate type"": ""four-column positioning insulation design, upper and lower plate heating upper plate screw suspension design/electroplated polishing panel"", ""Heating core material"": ""Copper heating core"", ""Heat insulation method"": ""imported mica heat insulation board"", ""Cooling method"": ""standard water cooler"", ""Safety configuration"": ""The die temperature exceeds 50 ° C, and the thermostat automatically prompts \""Pay attention to anti-hot\""."", ""Power supply"": ""220V(50Hz/60Hz)/ 110V optional"", ""Equipment power"": ""1300W"", ""Host size"": ""245x170x705mm"", ""controller size"": ""230x270x180mm"", ""Weight"": ""70Kg"", ""Configuration description"": ""The size of the control panel can be customized according to customer requirements, the column can be increased, and the temperature controller canbe optional remote control""}",20241118114156A59465197763907C 20240829140719D0B9A8CD3B07E79B 2024082914071960FBD1B765B43D52 20240829140720C98103D1AAC7991F 202408291407200C95909C5772C5F2 202408291407208FFBC11D401EA05D
프레스,20T Electric Isostatic Pressure Pellet Press,HDP-20J,http://www.henchld.com/en/20T-Electric-Isostatic-Pressure-Pellet-Press-PG4265023,6,24,1.0,"{""Instrument model"": ""HDP-20J"", ""Pressure range"": ""0.3-20.0T"", ""Cylinder diameter"": ""Φ95mm"", ""Cylinder stroke"": ""≤30mm"", ""Chamber size"": ""30x150mm"", ""Cavity material"": ""3 chromium 13# die steel"", ""Ambient temperature"": ""9°C-42°C"", ""Maximum pressure"": ""<300Mpa(500Mpa can be customized)"", ""Pressure mode"": ""electric PCB program buffer pressure/automatic precise pressure, manual pressure relief"", ""Pressure holding time"": ""unlimited time (N seconds)"", ""Display mode"": ""4.5-inch LCD touch screen/English interface can be set"", ""Setting method"": ""Touch directly modify the set value (convenient and fast)"", ""Cylinder limit protection"": ""automatic pressure relief when the cylinder exceeds the limit height"", ""Number of columns"": ""4"", ""Pressure stability"": ""≤1Mpa/10min"", ""Overall structure"": ""forging process, integrated structure (equipped with No. 68 wear-resistant hydraulic oil) as a whole into a formal structure, no pressure and no oil leakage"", ""Equipment safety"": ""program pressure mechanical failure error emergency stop function, side opening 5mm high strength plexiglass protective door, translation latch door safe and convenient"", ""Passive safety"": ""leakage protection + emergency stop switch + plexiglass shield"", ""Table diameter"": ""128mm"", ""Dimensions"": ""305x430x605mm"", ""Equipment weight"": ""123Kg"", ""Equipment power"": ""400W"", ""Power supply"": ""220V(50Hz/60Hz) 110V can be customized"", ""Configuration description"": ""Can be customized to improve the isostatic press or rubber mold""}",2024111909090983DF0314B583A21D 2024083009245885C166BDB167A684 2024083009245817E1CC7F5A4F6A6F 2024083009245973BBB94934AA5A48 202408300924593804B5F2FE45DF26 20240830092459950B4849A5C0F46D
프레스,300°C Double Hot Plates Pellet Press,YPH-800D1/D2,http://www.henchld.com/en/300-C-Double-Hot-Plates-Pellet-Press-PG4265037,6,25,0.992,"{""Instrument model"": ""YPH-800D1/D2"", ""Pressure limit"": ""0-30T"", ""Piston diameter"": ""110mm"", ""Cylinder stroke"": ""50mm"", ""Intelligent temperature controller temperature range"": ""room temperature -800°CIntelligent temperature controller temperature"", ""control mode"": ""5 adjustable continuous"", ""temperature"": ""control - automatic temperature rise - automatic insulation - natural cooling"", ""Heating range"": ""300°CMold"", ""size"": ""180x180mm/200x200mm"", ""Effective space"": ""200x140mm"", ""Pressure and temperature control accuracy"": ""0.1T/0.1°C(can be customized to set the accuracy)"", ""Pressure holding time"": ""unlimited time (manual pressure relief)"", ""Display mode"": ""7-inch LCD touch screen/English interface can be switchedMold"", ""pressure conversion"": ""PCB control program automatically conversion display sample pressure (Mpa)"", ""Heating plate type"": ""four-column positioning insulation design, upper and lower plate heating upper plate screw suspension design/electroplated polishing panel"", ""Heating core material"": ""Aluminum heating core"", ""Heat insulation method"": ""imported mica heat insulation board"", ""Cooling method"": ""standard water cooler"", ""Safety configuration"": ""The mold temperature exceeds 50 ° C, and the thermostat automatically prompts \""Pay attention to anti-hot\""."", ""Power supply"": ""220V(50Hz/60Hz)/ 110V optional"", ""Equipment power"": ""1900W"", ""Host size"": ""450x260x725mm"", ""controller size"": ""230x270x180mm"", ""Equipment weight"": ""185Kg"", ""Configuration description"": ""The size of the control panel can be customized according to customer requirements, the column can be increased, and the temperature controller canbe optional remote control""}",202411181141372B7F102DF63FFDFA 2024082913552532D47C86C8A488C3 202408291355253E208754B46E076B 2024082913552584CA3D6CF03EA6E1 2024082913552511B63DE7A7FB1F72 20240829135525E90691D2F16AA414
프레스,300°C 100mm Double Hot Plates Pellet Press,YPH-800C,http://www.henchld.com/en/300-C-100mm-Double-Hot-Plates-Pellet-Press-PG4265035,6,25,0.992,"{""Instrument model"": ""YPH-800C"", ""Pressure limit"": ""0-24T"", ""Piston diameter"": ""95mm"", ""Cylinder stroke"": ""30mm"", ""Intelligent temperature controller temperature range"": ""room temperature -800°CIntelligent temperature controller temperature"", ""control mode"": ""5 adjustable continuous"", ""temperature"": ""control - automatic temperature rise - automatic insulation - natural cooling"", ""Heating range"": ""300°CMold"", ""size"": ""100x100mm"", ""Effective space"": ""80x140mm"", ""Pressure and temperature control accuracy"": ""0.1T/0.1°C(can be customized to set the accuracy)"", ""Pressure holding time"": ""unlimited time (manual pressure relief)"", ""Display die"": ""7-inch LCD touch screen/English interface can be switchedMold"", ""pressure conversion"": ""PCB control program automatically conversion display sample pressure (Mpa)"", ""Heating plate type"": ""four-column positioning insulation design, upper and lower plate heating upper plate screw suspension design/electroplated polishing panel"", ""Heating core material"": ""Aluminum heating core"", ""Heat insulation method"": ""imported mica heat insulation board"", ""Cooling method"": ""standard water cooler"", ""Safety configuration"": ""The die temperature exceeds 50 ° C, and the thermostat automatically prompts \""Pay attention to anti-hot\""."", ""Power supply"": ""220V(50Hz/60Hz)/ 110V optional"", ""Equipment power"": ""1300W"", ""Host size"": ""245x170x705mm"", ""controller size"": ""230x270x180mm"", ""Weight"": ""68Kg"", ""Configuration description"": ""The size of the control panel can be customized according to customer requirements, the column can be increased, and the temperature controller canbe optional remote control.""}",2024111811421351D28A8F1A11EF72 20240829141758BE3380B86F4413CD 202408291417587B67E1FB291B57A1 202408291417584D8B5E925B40C4AF 2024082914175897CBFAA970782A33 20240829141758B6558756672CF4DF
프레스,HPC-600D 300°C Hot Pellet Press,HPC-800E/F/EG/FG,http://www.henchld.com/en/HPC-600D-300-C-Hot-Pellet-Press-PG4265039,5,24,1.0,"{""Instrument model"": ""HPC-800E/F/EG/FG"", ""Pressure limit"": ""0-24T/30T"", ""Piston diameter"": ""95mm/110mm"", ""Cylinder stroke"": ""60mm"", ""Intelligent temperature controller temperature range"": ""room temperature -800°CIntelligent temperature controller temperature"", ""control mode"": ""5 adjustable continuous"", ""temperature"": ""control - automatic temperature rise - automatic insulation - natural cooling"", ""Heating range"": ""300℃/500℃Mold"", ""size"": ""300x300mm/400x400mm"", ""Valid space"": ""300x60mm/400x60mm"", ""Pressure and temperature control accuracy"": ""0.1T/0.1°C(can be customized to set the accuracy)"", ""Pressure holding time"": ""unlimited time (manual pressure relief)"", ""Display die"": ""7-inch LCD touch screen/English interface can be switchedDie"", ""pressure conversion"": ""PCB control program automatically conversion display sample pressure (Mpa)"", ""Heating plate type"": ""four-column positioning insulation design, upper and lower plate heating, upper plate screw suspension design/electroplated polishing panel"", ""Heating core material"": ""300°C aluminum heating core /500 °C copper heating core"", ""Heat insulation method"": ""imported mica heat insulation board"", ""Cooling method"": ""standard wall hanging air cooler"", ""Passive safety"": ""with leakage protection + emergency stop switch"", ""Safety configuration"": ""The mold temperature exceeds 50° C, and the thermostat automatically prompts \""Pay attention to anti-hot\""."", ""Power supply"": ""220V(50Hz/60Hz)/ 110V optional"", ""Equipment power"": ""2500W/5100WDimension: 450 x410x455mm / 560 x600x625mm"", ""Equipment weight"": ""365Kg/425Kg"", ""Configuration description"": ""The size of the control panel can be customized according to customerrequirements, the column can be increased, and the temperature controller can be optional remote control""}",202408291331361FB6F6B6244FC9D2 2024082913313650BC9719EDFE20B6 2024082913313611FD14E4340DED8B 20240829133137FEE262478CE37538 20240829133137999479B069903282
프레스,500°C Hot Pellet Press,HPC-800D1/D2/DG1/DG2,http://www.henchld.com/en/500-C-Hot-Pellet-Press-PG4265040,5,24,1.0,"{""Model"": ""HPC-800D1/D2/DG1/DG2"", ""Pressure limit"": ""0-10T"", ""Piston diameter"": ""65mm"", ""Cylinder stroke"": ""60mm"", ""Intelligent temperature controller temperature range"": ""room temperature -800°CIntelligent temperature controller temperature"", ""control mode"": ""5 adjustable continuous"", ""temperature"": ""control - automatic temperature rise - automatic insulation - natural cooling"", ""Heating range"": ""300℃/500℃"", ""Die size"": ""150x150mm/200x200mm"", ""Valid space"": ""150x60mm/200x60mm"", ""Pressure and temperature control accuracy"": ""0.1T/0.1°C(can be customized to set the accuracy)"", ""Pressure holding time"": ""unlimited time (manual pressure relief)"", ""Display die"": ""7-inch LCD touch screen/English interface can be switchedMold"", ""pressure conversion"": ""PCB control program automatically conversion display sample pressure (Mpa)"", ""Heating plate type"": ""four-column positioning insulation design, upper and lower plate heating, upper plate screw suspension design/electroplated polishing panel"", ""Heating core material"": ""300°C aluminum heating core /500 °C copper heating core"", ""Heat insulation method"": ""imported mica heat insulation board"", ""Cooling method"": ""standard wall hanging air cooler"", ""Passive safety"": ""with leakage protection + emergency stop switch"", ""Safety configuration"": ""The die temperature exceeds 50° C, and the thermostat automatically prompts \""Pay attention to anti-hot\""."", ""Power supply"": ""220V(50Hz/60Hz)/ 110V optional"", ""Equipment power"": ""1300W/1900WDimension: 300 x400x435mm / 350 x400x445mm"", ""Weight"": ""62Kg/98Kg"", ""Configuration description"": ""The size of the control panel can be customized according to customerrequirements, the column can be increased, and the temperature controller can be optional remote control""}",20240829114553EA857506569CDEB5 20240829113938A1F500E59CBD7A56 2024082911393826EFEE0FC9F2F497 2024082911393862C1562EA0E381D7 2024082911393980693CD7AB412345
프레스,YPH-800E 300°C Manual Split Hot Pellet Press,YPH-800EYPH-800F,http://www.henchld.com/en/YPH-800E-300-C-Manual-Split-Hot-Pellet-Press-PG4265041,1,11,1.0,"{""Model"": ""YPH-800EYPH-800F"", ""Pressure"": ""0-30T0-40T"", ""Press process"": ""Manual"", ""Pressure holding"": ""Manual pressure relief"", ""Temperature control by thermostat"": ""Room temperature~600.0℃"", ""Dies heating temperature"": ""Room temperature~300.0℃"", ""Temperature"": ""control"", ""accuracy"": ""0.1℃Insulation methodImported insulation board"", ""Cooling method"": ""Water fast cooling（optional water cooler）Dies size300X300mm（M×N）400X400mm（M×N）"", ""Host size"": ""380X350X600mm（K×P×H）500X480X650mm（K×P×H）Overall size700X400X600mm（L×W×H）850X480X650mm（L×W×H）"", ""Power supply"": ""220V/2500W220V/5000W""}",20241028093021C89061ADF7D2647A
프레스,500°C Double Hot Plates Pellet Press,YPH-800DG1/DG2,http://www.henchld.com/en/500-C-Double-Hot-Plates-Pellet-Press-PG4265038,7,25,0.992,"{""Instrument model"": ""YPH-800DG1/DG2"", ""Pressure limit"": ""0-30T"", ""Piston diameter"": ""110mm"", ""Cylinder stroke"": ""50mm"", ""Intelligent temperature controller temperature range"": ""room temperature -800°CIntelligent temperature controller temperature"", ""control mode"": ""5 adjustable continuous"", ""temperature"": ""control - automatic temperature rise - automatic insulation - natural cooling"", ""Heating range"": ""500°C"", ""Die size"": ""180x180mm/200x200mm"", ""Effective space"": ""200x140mm"", ""Pressure and temperature control accuracy"": ""0.1T/0.1°C(can be customized to set the accuracy)"", ""Pressure holding time"": ""unlimited time (manual pressure relief)"", ""Display die"": ""7-inch LCD touch screen/English interface can be switchedMold"", ""pressure conversion"": ""PCB control program automatically conversion display sample pressure (Mpa)"", ""Heating plate type"": ""four-column positioning insulation design, upper and lower plate heating upper plate screw suspension design/electroplated polishing panel"", ""Heating core material"": ""copper heating core"", ""Heat insulation method"": ""imported mica heat insulation board"", ""Cooling method"": ""standard water cooler"", ""Safety configuration"": ""The mold temperature exceeds 50 ° C, and the thermostat automatically prompts \""Pay attention to anti-hot\""."", ""Power supply"": ""220V(50Hz/60Hz)/ 110V optional"", ""Equipment power"": ""1900W"", ""Host size"": ""450x260x725mm"", ""controller size"": ""230x270x180mm"", ""Equipment weight"": ""190Kg"", ""Configuration description"": ""The size of the control panel can be customized according to customer requirements, the column can be increased, and the temperature controller canbe optional remote control""}",202411181141140D78598E2599E6B3 2024082913461157D80C08C452A073 20240829134611C09E0CE96BF586B9 2024082913461250C523A7C7C81876 2024082913461251D7A15F2432E1F3 202408291346124077D41E7628FBC8 20240829134612AE587720218354CB
프레스,YPH-800F 300°C Electric Split Hot Pellet Press,YPH-800EYPH-800F,http://www.henchld.com/en/YPH-800F-300-C-Electric-Split-Hot-Pellet-Press-PG4265042,1,11,1.0,"{""Model"": ""YPH-800EYPH-800F"", ""Pressure"": ""0-30T0-40T"", ""Press process"": ""Program press-Program pressure holding-Timed pressure relief"", ""Pressure holding time"": ""0-999 seconds"", ""Temperature control by thermostat"": ""Room temperature~600.0℃"", ""Dies heating temperature"": ""Room temperature~300.0℃"", ""Temperature"": ""control"", ""accuracy"": ""0.1℃Insulation methodImported insulation board"", ""Cooling method"": ""Water fast cooling（optional water cooler）Dies size300X300mm（M×N）400X400mm（M×N）"", ""Host size"": ""380X350X600mm（K×P×H）500X480X650mm（K×P×H）Overall size700X400X600mm（L×W×H）850X480X650mm（L×W×H）"", ""Power supply"": ""220V/3000W220V/6000W""}",20241028093218FF18A22FFE5701C8
프레스,40T Automatic Hot Pellet Press,HZT-800F/HZT-800FG,http://www.henchld.com/en/40T-Automatic-Hot-Pellet-Press-PG4265043,1,25,1.0,"{""Model"": ""HZT-800F/HZT-800FG"", ""Pressure limit"": ""0-40T"", ""Piston diameter"": ""130mm"", ""Cylinder stroke"": ""55mm"", ""Intelligent temperature controller temperature range"": ""room temperature -600°CIntelligent temperature controller temperature"", ""control mode"": ""5 adjustable continuous"", ""temperature"": ""control - automatic temperature rise - automatic insulation - natural cooling"", ""Heating range"": ""300℃/500 °C"", ""Die size"": ""400x400mm"", ""Valid space"": ""400x65mm"", ""Pressure and temperature control accuracy"": ""0.1T/0.1°C(can be customized to set the accuracy)"", ""Holding time"": ""When no limit, reach the set temperature to stop heating"", ""Display die"": ""7-inch LCD touch screen/English interface can be switchedDie"", ""pressure conversion"": ""PCB control program automatically conversion display sample pressure (Mpa)"", ""Heating plate type"": ""four-column positioning insulation design, upper and lower plate heating, upper plate screw suspension design/electroplated polishing panel"", ""Heating core material"": ""aluminum heating core/copper heating core"", ""Heat insulation method"": ""imported mica heat insulation board"", ""Cooling method"": ""standard wall hanging air cooler"", ""Passive safety"": ""with leakage protection + emergency stop switch"", ""Safety configuration"": ""program pressure mechanical fault report emergency stop function, die temperatureexceeds 50° C, temperature controller automatically prompts \""pay attention to anti-hot\"""", ""Power supply"": ""220V(50Hz/60Hz)/ 110V optional"", ""Equipment power"": ""5500W"", ""Dimensions"": ""500x600x785mm"", ""Weight"": ""450Kg"", ""Configuration description"": ""The size of the control panel can be customized according to customer requirements, the column can be increased, and the temperature controller can be optional remote control""}",2024082910570530B3CBA6ABD28CE2
프레스,25T Automatic Hot Pellet Press,HZT-800DG/HZT-800DG2,http://www.henchld.com/en/25T-Automatic-Hot-Pellet-Press-PG4265045,6,25,1.0,"{""Instrument model"": ""HZT-800DG/HZT-800DG2"", ""Pressure limit"": ""0-25T"", ""Piston diameter"": ""95mm"", ""Cylinder stroke"": ""60mm"", ""Intelligent temperature controller temperature range"": ""room temperature -600°CIntelligent temperature controller temperature"", ""control mode"": ""5 adjustable continuous"", ""temperature"": ""control - automatic temperature rise - automatic insulation - natural cooling"", ""Heating range"": ""500 °CMold"", ""size"": ""180x180mm/200x200mm"", ""Valid space"": ""180x65mm/200x65mm"", ""Pressure and temperature control accuracy"": ""0.1T/0.1°C(can be customized to set the accuracy)"", ""Holding time"": ""When no limit, reach the set temperature to stop heating"", ""Display mode"": ""7-inch LCD touch screen/English interface can be switchedMold"", ""pressure conversion"": ""PCB control program automatically conversion display sample pressure (Mpa)"", ""Heating plate type"": ""four-column positioning insulation design, upper and lower plate heating, upper plate screw suspension design/electroplated polishing panel"", ""Heating core material"": ""aluminum heating core/copper heating core"", ""Heat insulation method"": ""imported mica heat insulation board"", ""Cooling method"": ""standard wall hanging air cooler"", ""Passive safety"": ""with leakage protection + emergency stop switch"", ""Safety configuration"": ""program pressure mechanical fault report emergency stop function, mold temperature exceeds 50° C, temperature controller automatically prompts \""pay attention to anti-hot\"""", ""Power supply"": ""220V(50Hz/60Hz)/ 110V optional"", ""Equipment power"": ""2200W"", ""Dimensions"": ""280x420x625mm"", ""Equipment weight"": ""163Kg"", ""Configuration description"": ""The size of the control panel can be customized according to customer requirements, the column can be increased, and the temperature controller can be optional remote control""}",202408281500066913662073ACB19B 2024082815000648172982B4B461C6 20240828150006E0777A95AE137EC3 20240828150007B5E63BC54C743989 20240828150007C61961ACE6200FB4 2024082815000760D7CFA4CEC25D1E
프레스,30T Automatic Hot Pellet Press,HZT-800E/HZT-800EG,http://www.henchld.com/en/30T-Automatic-Hot-Pellet-Press-PG4265044,6,25,1.0,"{""Instrument model"": ""HZT-800E/HZT-800EG"", ""Pressure limit"": ""0-30T"", ""Piston diameter"": ""110mm"", ""Cylinder stroke"": ""55mm"", ""Intelligent temperature controller temperature range"": ""room temperature -600°CIntelligent temperature controller temperature"", ""control mode"": ""5 adjustable continuous"", ""temperature"": ""control - automatic temperature rise - automatic insulation - natural cooling"", ""Heating range"": ""300℃/500 °C"", ""Die size"": ""300x300mm"", ""Valid space"": ""300x65mm"", ""Pressure and temperature control accuracy"": ""0.1T/0.1°C(can be customized to set the accuracy)"", ""Holding time"": ""When no limit, reach the set temperature to stop heating"", ""Display die"": ""7-inch LCD touch screen/English interface can be switchedDie"", ""pressure conversion"": ""PCB control program automatically conversion display sample pressure (Mpa)"", ""Heating plate type"": ""four-column positioning insulation design, upper and lower plate heating, upper plate screw suspension design/electroplated polishing panel"", ""Heating core material"": ""aluminum heating core/copper heating core"", ""Heat insulation method"": ""imported mica heat insulation board"", ""Cooling method"": ""standard wall hanging air cooler"", ""Passive safety"": ""with leakage protection + emergency stop switch"", ""Safety configuration"": ""program pressure mechanical fault report emergency stop function, die temperatureexceeds 50° C, temperature controller automatically prompts \""pay attention to anti-hot\"""", ""Power supply"": ""220V(50Hz/60Hz)/ 110V optional"", ""Equipment power"": ""3000W"", ""Dimensions"": ""400x500x750mm"", ""Equipment weight"": ""350Kg"", ""Configuration description"": ""The size of the control panel can be customized according to customer requirements, the column can be increased, and the temperature controller can be optional remote control""}",20240829105211509E98F1060E9E83 20240829105212ED14CFF438B01FD8 202408291052124BF593F11B2F8CB0 2024082910521265EA0D4AE146A485 202408291052122396CAFB0926406D 20240829105213A5918B69CCE5627E
프레스,25T Automatic Hot Pellet Press,HZT-800D1/HZT-800D2,http://www.henchld.com/en/25T-Automatic-Hot-Pellet-Press-PG4265046,6,24,1.0,"{""Model"": ""HZT-800D1/HZT-800D2"", ""Pressure range"": ""0-25T"", ""Piston diameter"": ""95mm"", ""Cylinder stroke"": ""60mm"", ""Intelligent temperature controller temperature range"": ""room temperature -600°CIntelligent temperature controller temperature"", ""control mode"": ""5 adjustable continuous"", ""temperature"": ""control - automatic temperature rise - automatic insulation - natural cooling"", ""Heating range"": ""300°C"", ""Die size"": ""180x180mm/200x200mm"", ""Valid space"": ""180x65mm/200x65mm"", ""Pressure and temperature control accuracy"": ""0.1T/0.1°C(can be customized to set the accuracy)"", ""Holding time"": ""When no limit, reach the set temperature to stop heating"", ""Display mode"": ""7-inch LCD touch screen/English interface can be switchedMold"", ""pressure conversion"": ""PCB control program automatically conversion display sample pressure (Mpa)"", ""Heating plate type"": ""four-column positioning insulation design, upper and lower plate heating, upper plate screw suspension design/electroplated polishing panel"", ""Heating core material"": ""aluminum heating core/copper heating core"", ""Heat insulation method"": ""imported mica heat insulation board"", ""Cooling method"": ""standard wall hanging air cooler"", ""Passive safety"": ""with leakage protection + emergency stop switch"", ""Safety configuration"": ""program pressure mechanical fault report emergency stop function, mold temperature exceeds 50° C, temperature controller automatically prompts \""pay attention to anti-hot\""Input Power: 220V(50Hz/60Hz)/ 110V optional"", ""Equipment power"": ""2200W"", ""Size"": ""280x420x625mm"", ""Weight"": ""163Kg"", ""Configuration description"": ""The size of the control panel can be customized according to customer requirements, the column can be increased, and the temperature controller can be optional remote control""}",2024082814574907D93915F0ABD5F5 2024082814574932617903C78A59E0 202408281457493705E1850F3E74E3 202408281457494771A1FE3E729945 20240828145750CC85CCDB117008E8 20240828145750CDAA13EB8339BE04
다이/몰드,Φ2mmΦ3mmΦ4mmΦ5mmΦ6mm Cylindrical Dies,HMY,http://www.henchld.com/en/2mm-3mm-4mm-5mm-6mm-Cylindrical-Dies-PG4265049,6,7,1.0,"{""Model"": ""HMY"", ""Material"": ""Japan High Speed Tool Steel ASSAB+17"", ""Indenter hardness"": ""HRC68-HRC70"", ""Sample size"": ""Φ3、Φ4、Φ5、Φ6mm(M)"", ""Cavity depth"": ""20mm(N)"", ""Dimensions"": ""Φ43×78mm(L×N)"", ""Weight"": ""0.55Kg""}",20250327114520F951B7526100C29B 20240828142802D680FAB500AE3B5F 2024082814280272337DF9B0571EB8 202408281428029B463669D1E65228 20240828142803D0D6094DFDEDA8CC 2024082814280394FFD5162503D365
다이/몰드,Φ11mmΦ12mmΦ13mmΦ14mm Cylindrical Dies,HMY,http://www.henchld.com/en/11mm-12mm-13mm-14mm-Cylindrical-Dies-PG4265051,6,7,1.0,"{""Model"": ""HMY"", ""Material"": ""Japan High Speed Tool Steel ASSAB+17"", ""Indenter hardness"": ""HRC68-HRC70"", ""Sample size"": ""Φ7、Φ8、Φ9、Φ10mm(M)"", ""Cavity depth"": ""30mm(N)"", ""Dimensions"": ""Φ43×78mm(L×N)"", ""Weight"": ""0.67Kg""}",202503271146164985735C7251B687 20240828141943DE187DD4599B0B79 2024082814194376D4A12F3B497064 202408281419437CA768D93AADD83A 20240828141944A35AD03ED5ECE95B 2024082814194476297E312129A764
다이/몰드,Φ15mmΦ16mmΦ17mmΦ18mmΦ19mm Cylindrical Dies,HMY,http://www.henchld.com/en/15mm-16mm-17mm-18mm-19mm-Cylindrical-Dies-PG4265052,6,7,1.0,"{""Model"": ""HMY"", ""Material"": ""Alloy tool steel：Cr12MoV"", ""Indenter hardness"": ""HRC68-HRC62"", ""Sample size"": ""Φ15、Φ16、Φ17、Φ18mm、Φ19mm(M)"", ""Cavity depth"": ""30mm(N)"", ""Dimensions"": ""Φ53×120mm(L×N)"", ""Weight"": ""1.34Kg""}",20250327114640D8512E2A086C92A2 20240828141526FE92CE016D2D2155 202408281415268704C1EFFDB635F2 202408281415261FB867D0E6B154B8 20240828141526002468285A4D6F41 202408281415261FBDFF3007115D55
다이/몰드,Solid state battery mold set,HMN-PG,http://www.henchld.com/en/Solid-state-battery-mold-set-PG10210447,6,8,1.0,"{""Instrument model"": ""HMN-PG"", ""Shelf material"": ""304 Stainless steel"", ""Mold material"": ""PEEK Insulating material"", ""Indenter material"": ""3Cr13 Stainless steel"", ""Sample size"": ""Φ8、10、12、12.7、13、20mm"", ""Die size"": ""50x90mm"", ""Size"": ""100x140mm"", ""Weight"": ""2.5Kg""}",202409021416544055AE16117BB02D 2024090214165406F82AD6E29E9DCA 202409021416542B87E40328E1065E 20240902141655E5E0AD74F4EC4081 20240902141655DF63A3DF012B81A6 20240902141655CE9496124E765249
다이/몰드,Φ7mmΦ8mmΦ9mmΦ10mm Cylindrical Dies,HMY,http://www.henchld.com/en/7mm-8mm-9mm-10mm-Cylindrical-Dies-PG4265050,6,7,1.0,"{""Model"": ""HMY"", ""Material"": ""Japan High Speed Tool Steel ASSAB+17"", ""Indenter hardness"": ""HRC68-HRC70"", ""Sample size"": ""Φ7、Φ8、Φ9、Φ10mm(M)"", ""Cavity depth"": ""30mm(N)"", ""Dimensions"": ""Φ43×78mm(L×N)"", ""Weight"": ""0.67Kg""}",20250327114545765B73DA1ED7A28E 20240828142641C2F338BB40FFC6E4 20240828142641FA0F4979EAF248B5 2024082814264105B76A5B96D55FB5 20240828142641B827B3A285499AD7 202408281426417277BA1E26090229
다이/몰드,Φ31mmΦ32mmΦ33mmΦ34mmΦ35mm Cylindrical Dies,HMY,http://www.henchld.com/en/31mm-32mm-33mm-34mm-35mm-Cylindrical-Dies-PG4265055,6,7,1.0,"{""Model"": ""HMY"", ""Material"": ""Alloy tool steel：Cr12MoV"", ""Indenter hardness"": ""HRC68-HRC62"", ""Sample size"": ""Φ31、Φ32、Φ33、Φ34mm、Φ35mm(M)"", ""Cavity depth"": ""30mm(N)"", ""Dimensions"": ""Φ53×120mm(L×N)"", ""Weight"": ""1.34Kg""}",20240828140626CBF223E4672057E7 202408281406267F69F8B7BD33E28B 202408281406265DA6C5C306197106 2024082814062634D789F196FDEF8E 20240828140626DB9B0ACC0247B22E 20240828140626A327E1A260E4BC30
다이/몰드,Φ36mmΦ37mmΦ38mmΦ39mmΦ40mm Cylindrical Dies,HMY,http://www.henchld.com/en/36mm-37mm-38mm-39mm-40mm-Cylindrical-Dies-PG4265056,6,7,1.0,"{""Model"": ""HMY"", ""Material"": ""Alloy tool steel：Cr12MoV"", ""Indenter hardness"": ""HRC68-HRC62"", ""Sample size"": ""Φ36、Φ37、Φ38、Φ39mm、Φ40mm(M)"", ""Cavity depth"": ""45mm(N)"", ""Dimensions"": ""Φ73×133mm(L×N)"", ""Weight"": ""2.9Kg""}",20240828140428C2C0A4937D8245EA 20240828140428E01E63AC2FAC6202 2024082814042805365181E20918B0 20240828140428346900EC46363ABC 20240828140428500CBFB69E507AF3 202408281404289BE6C6AA9E924703
다이/몰드,Φ26mmΦ27mmΦ28mmΦ29mmΦ30mm Cylindrical Dies,HMY,http://www.henchld.com/en/26mm-27mm-28mm-29mm-30mm-Cylindrical-Dies-PG4265054,6,7,1.0,"{""Model"": ""HMY"", ""Material"": ""Alloy tool steel：Cr12MoV"", ""Indenter hardness"": ""HRC68-HRC62"", ""Sample size"": ""Φ26、Φ27、Φ28、Φ29mm、Φ30mm(M)"", ""Cavity depth"": ""45mm(N)"", ""Dimensions"": ""Φ73×133mm(L×N)"", ""Weight"": ""2.9Kg""}",202503271147314115DE6E6A0A1271 20240828140746C8E0BC31AD669923 2024082814074728F56CA10B1BB518 20240828140747B6C7513967004C7D 20240828140748628A3F29A056E231 202408281407488C7FC8159C928AD1
다이/몰드,Φ20mmΦ21mmΦ22mmΦ23mmΦ24mmΦ25mm Cylindrical Dies,HMY,http://www.henchld.com/en/20mm-21mm-22mm-23mm-24mm-25mm-Cylindrical-Dies-PG4265053,6,7,1.0,"{""Model"": ""HMY"", ""Material"": ""Alloy tool steel：Cr12MoV"", ""Indenter hardness"": ""HRC68-HRC62"", ""Sample size"": ""Φ20、Φ21、Φ22、Φ23mm、Φ24mm、Φ25mm(M)"", ""Cavity depth"": ""30mm(N)"", ""Dimensions"": ""Φ53×120mm(L×N)"", ""Weight"": ""1.34Kg""}",20250327114704088D6B2749560C4A 20240828141232B92208308D2726F9 2024082814123261EDF1A5E8F7A52D 2024082814123202DEFE39109DB2B5 20240828141232BB2AA6D385836C30 20240828141232E1C184AF1BD4CA2C
다이/몰드,Φ41-Φ70mm Cylindrical Dies,HMY,http://www.henchld.com/en/41-70mm-Cylindrical-Dies-PG4265057,6,7,1.0,"{""Model"": ""HMY"", ""Material"": ""Alloy tool steel：Cr12MoV"", ""Indenter hardness"": ""HRC68-HRC62"", ""Sample size"": ""Φ50、Φ60、Φ65(M)"", ""Cavity depth"": ""55、60、65mm(N)"", ""Dimensions"": ""Φ88×150mm、Φ98×180mm、Φ108×180mm(L×N)"", ""Weight"": ""5.1Kg、7.3Kg、9Kg""}",2024082814005089E0143F1FBCF525 20240828140050D4422758C0E022AA 202408281400501E2DE54ECB890C2B 20240828140051BFB8B81A64988621 20240828140051A357BCD0A463C03F 202408281400512CA6E205A5030944
다이/몰드,Φ71-Φ100mm Cylindrical Dies,HMY,http://www.henchld.com/en/71-100mm-Cylindrical-Dies-PG4265058,6,7,1.0,"{""Model"": ""HMY"", ""Material"": ""Alloy tool steel：Cr12MoV"", ""Indenter hardness"": ""HRC68-HRC62"", ""Sample size"": ""Φ80、Φ90、Φ100(M)"", ""Cavity depth"": ""65mm(N)"", ""Dimensions"": ""Φ118×150mm、Φ128×180mm、Φ138×180mm(L×N)"", ""Weight"": ""11.5Kg、14Kg、20Kg""}",20240828135641E203EC8875A7E99B 20240828135641D00AE2B0D44B356B 20240828135641C4F052939F11B1DB 20240828135642CC17653A8769A62E 2024082813564241E02CC64C702366 2024082813564249385F2CFFA1B3CD
다이/몰드,3-10mm Square Dies,HMF,http://www.henchld.com/en/3-10mm-Square-Dies-PG4265060,7,7,1.0,"{""Model"": ""HMF"", ""Material"": ""Alloy tool steel：Cr12MoV"", ""Indenter hardness"": ""HRC68-HRC62"", ""Sample size"": ""3×3、4×4、5×5、6×6、8×8、10×10(M)"", ""Cavity depth"": ""20mm(N)"", ""Dimensions"": ""Φ43×93mm(L×N)"", ""Weight"": ""0.65Kg""}",20240828104356123528817D7AAB1D 20240828104356F53F31E2EDD47965 20240828104357E0ADB8222191C2C5 20240828104357DA5992BD2803F87F 202408281043572E0B409A30AFAD06 20240828104357E5B418BACC6D7226 20240828104357C88C9EDBFC9A6939
다이/몰드,11-20mm Square Dies,HMF,http://www.henchld.com/en/11-20mm-Square-Dies-PG4265061,7,7,1.0,"{""Model"": ""HMF"", ""Material"": ""Alloy tool steel：Cr12MoV"", ""Indenter hardness"": ""HRC60-HRC62"", ""Sample size"": ""12×12、15×15、18×18、20×20(M)"", ""Cavity depth"": ""40mm(N)"", ""Dimensions"": ""Φ73×133mm(L×N)"", ""Weight"": ""3.6Kg""}",202408281041024EE157630ED6A5B3 20240828104102C5558DE7C60F1278 20240828104103EF74B011A1736B12 2024082810410388EBA19D8224C06F 202408281041039352BCF8887DD354 202408281041039D554DBAA29F7351 20240828104104136BF1979A75EED8
다이/몰드,Φ101-Φ150mm Cylindrical Dies,HMY,http://www.henchld.com/en/101-150mm-Cylindrical-Dies-PG4265059,7,7,1.0,"{""Model"": ""HMY"", ""Material"": ""Alloy tool steel：Cr12MoV"", ""Indenter hardness"": ""HRC68-HRC62"", ""Sample size"": ""Φ120、Φ150(M)"", ""Cavity depth"": ""65mm(N)"", ""Dimensions"": ""Φ168×180mm、Φ218×180mm(L×N)"", ""Weight"": ""30Kg、40Kg""}",202408281354160F023BA7B6545974 20240828135416A04699AF09684678 20240828135417E9D6E9B604A4353A 202408281354175C01E7093E2BCA2F 2024082813541719AD8F6B9BAFBB53 20240828135417B97693C03A976692 20240828135417C7A29375229479FE
다이/몰드,71-100mm Square Dies,HMF,http://www.henchld.com/en/71-100mm-Square-Dies-PG4265064,7,7,1.0,"{""Model"": ""HMF"", ""Material"": ""Alloy tool steel：Cr12MoV"", ""Indenter hardness"": ""HRC68-HRC62"", ""Sample size"": ""80×80、90×90、100×100(M)"", ""Cavity depth"": ""65mm(N)"", ""Dimensions"": ""Φ158×150mm、Φ180×180mm、Φ200×180mm(L×N)"", ""Weight"": ""30Kg、40Kg、50Kg""}",20240828095212B33D87FE6271FA09 2024082809521378DAACA9EAE21286 20240828095213F22FAB23EFDA1459 2024082809521375FA9F37203D36B8 20240828095213FE7C480AE88A19C1 20240828095214F16B95D5E8026122 20240828095214B30F3CAA6A60D52D
다이/몰드,41-70mm Square Dies,HMF,http://www.henchld.com/en/41-70mm-Square-Dies-PG4265063,7,7,1.0,"{""Model"": ""HMF"", ""Material"": ""Alloy tool steel：Cr12MoV"", ""Indenter hardness"": ""HRC68-HRC62"", ""Sample size"": ""50×50、60×60、70×70(M)"", ""Cavity depth"": ""55、60、65mm(N)"", ""Dimensions"": ""Φ98×150mm、Φ118×180mm、Φ138×180mm(L×N)"", ""Weight"": ""7.3Kg、11.4Kg、20Kg""}",2024082810340304167B34EA185DFC 202408281034035F2B58192B4DD0C7 20240828103403E55B5FE847C37DFC 202408281034038212A106A15CD425 202408281034042CA9CFC3E3538FFD 20240828103404805846CFF2711770 202408281034044F77070AF24874F1
다이/몰드,Φ11-Φ20mm Cylindrical Opening Dies,HMK-Y,http://www.henchld.com/en/11-20mm-Cylindrical-Opening-Dies-PG4265066,7,7,1.0,"{""Model"": ""HMK-Y"", ""Material"": ""Alloy tool steel：Cr12MoV"", ""Indenter hardness"": ""HRC60-HRC62"", ""Sample size"": ""Φ12、Φ13、Φ15、Φ18、Φ20mm(M)"", ""Cavity depth"": ""40mm(N)"", ""Dimensions"": ""Φ53×120mm(L×N)"", ""Weight"": ""1.2Kg""}",2024082809440189072F2F73252BB9 2024082809440175DC758CCCBA586D 2024082809440104F952ACF902FBBE 202408280944023F54E701B3875BAA 20240828094402E1555D00CB8C2B39 202408280944026F1909BEE3999FB8 202408280944024F86AD740B205710
다이/몰드,Φ3-Φ10mm Cylindrical Opening Dies,HMK-Y,http://www.henchld.com/en/3-10mm-Cylindrical-Opening-Dies-PG4265065,7,7,1.0,"{""Model"": ""HMK-Y"", ""Material"": ""Japan High Speed Tool Steel ASSAB+17"", ""Indenter hardness"": ""HRC68-HRC70"", ""Sample size"": ""Φ3、Φ4、Φ5、Φ6、Φ8、Φ10mm(M)"", ""Cavity depth"": ""30mm(N)"", ""Dimensions"": ""Φ43×93mm(L×N)"", ""Weight"": ""0.75Kg""}",202408280947023BDC08BC89EF442F 20240828094702818AD665F813FD58 20240828094702FC711A490DE667B8 20240828094702EEEA9BAD8880B0B6 20240828094702579F432A68342896 20240828094703B5D099C6E6B12CCA 202408280947031DC1843C4ECF6770
다이/몰드,21-40mm Square Dies,HMF,http://www.henchld.com/en/21-40mm-Square-Dies-PG4265062,7,7,1.0,"{""Model"": ""HMF"", ""Material"": ""Alloy tool steel：Cr12MoV"", ""Indenter hardness"": ""HRC68-HRC62"", ""Sample size"": ""22×22、25×25、30×30(M)"", ""Cavity depth"": ""40mm(N)"", ""Dimensions"": ""Φ73×133mm(L×N)"", ""Weight"": ""2.4Kg""}",20240828103834EBC3C2E577C37950 202408281038353B08841CC8D152A6 202408281038356664A2F96BE903ED 2024082810383510CC9057BD514E74 2024082810383547FEE11C3FFDD2C9 2024082810383584819080ED8D3123 20240828103835D94124C9B3691311
다이/몰드,21-40mm Square Opening Dies,HMK-F,http://www.henchld.com/en/21-40mm-Square-Opening-Dies-PG4265072,7,7,1.0,"{""Model"": ""HMK-F"", ""Material"": ""Alloy tool steel：Cr12MoV"", ""Indenter hardness"": ""HRC60-HRC62"", ""Sample size"": ""Φ30×30、Φ40×40(M)"", ""Cavity depth"": ""50mm(N)"", ""Dimensions"": ""Φ95×133mm、Φ115×133mm(L×N)"", ""Weight"": ""7、14Kg""}",202408280923474F05BF94ABB44E74 20240828092348CAEFACE63B0855F8 20240828092349EFBB5860968A5FB3 2024082809234934CF9ED591278D4A 20240828092349BEE2F59EFBEADA1E 202408280923499FF33F726441A563 202408280923491CB225D22BB73B03
다이/몰드,11-20mm Square Opening Dies,HMK-F,http://www.henchld.com/en/11-20mm-Square-Opening-Dies-PG4265071,7,7,1.0,"{""Model"": ""HMK-F"", ""Material"": ""Alloy tool steel：Cr12MoV"", ""Indenter hardness"": ""HRC60-HRC62"", ""Sample size"": ""12×12、15×15、16×16、18×18、20×20(M)"", ""Cavity depth"": ""40mm(N)"", ""Dimensions"": ""Φ73×133mm(L×N)"", ""Weight"": ""3.6Kg""}",20240828092641777792893EC8174A 202408280926411EF0F18E63184354 20240828092642B4298A4A924FFD52 20240828092642AAAC86C4EB7B1F79 202408280926429907DB82278B1B7D 202408280926428D60B017C1D4F0F7 202408280926421A650F20E78073AA
다이/몰드,Φ61-Φ80mm Cylindrical Opening Dies,HMK-Y,http://www.henchld.com/en/61-80mm-Cylindrical-Opening-Dies-PG4265069,7,7,1.0,"{""Model"": ""HMK-Y"", ""Material"": ""Alloy tool steel：Cr12MoV"", ""Indenter hardness"": ""HRC60-HRC62"", ""Sample size"": ""Φ50、Φ60mm(M)"", ""Cavity depth"": ""55mm(N)"", ""Dimensions"": ""Φ115×150mm、Φ127×150mm(L×N)"", ""Weight"": ""14Kg、20Kg""}",202408280933494E2C3D8757A8BCBD 202408280933499B8F63969AC1416A 20240828093350B91DECEAC08A37D2 20240828093350EF41005BD3365208 202408280933503AED09D90545BE55 20240828093350A41A4B3A05BC926B 202408280933502977CEC7C28C6BE6
다이/몰드,3-10mm Square Opening Dies,HMK-F,http://www.henchld.com/en/3-10mm-Square-Opening-Dies-PG4265070,7,7,1.0,"{""Model"": ""HMK-F"", ""Material"": ""Alloy tool steel：Cr12MoV"", ""Indenter hardness"": ""HRC60-HRC62"", ""Sample size"": ""3×3、4×4、5×5、6×6、8×8、10×10(M)"", ""Cavity depth"": ""30mm(N)"", ""Dimensions"": ""Φ53×120mm(L×N)"", ""Weight"": ""1.2Kg""}",2024082809292756727C200B31B128 2024082809292792BAA5830BEC5AA3 20240828092927A75C763589C2057A 20240828092927D868C160BB34AC5A 2024082809292810B82A329D8271DC 20240828092928F5D68C67AE6E96E7 202408280929285E479DF9941E3C0C
다이/몰드,Φ41-Φ60mm Cylindrical Opening Dies,HMK-Y,http://www.henchld.com/en/41-60mm-Cylindrical-Opening-Dies-PG4265068,7,7,1.0,"{""Model"": ""HMK-Y"", ""Material"": ""Alloy tool steel：Cr12MoV"", ""Indenter hardness"": ""HRC60-HRC62"", ""Sample size"": ""Φ50、Φ60mm(M)"", ""Cavity depth"": ""55mm(N)"", ""Dimensions"": ""Φ115×150mm、Φ127×150mm(L×N)"", ""Weight"": ""14Kg、20Kg""}",20240828093549B46A7352B5BB3B39 2024082809354980C92F3903697211 20240828093549031A32AF25FDE79C 20240828093549DD9D70A04DBFF7D7 2024082809355055D25840DFFECD64 2024082809355027454ACC2786C298 20240828093550B46D2C864FEE2DB0
다이/몰드,Φ21-Φ40mm Cylindrical Opening Dies,HMK-YC,http://www.henchld.com/en/21-40mm-Cylindrical-Opening-Dies-PG4265067,7,7,1.0,"{""Model"": ""HMK-YC"", ""Material"": ""Alloy tool steel：Cr12MoV"", ""Indenter hardness"": ""HRC60-HRC62"", ""Sample size"": ""Φ30、Φ40mm(M)"", ""Cavity depth"": ""50mm(N)"", ""Dimensions"": ""Φ73×133mm、Φ95×133mm(L×N)"", ""Weight"": ""3.8Kg、6.3Kg""}",2024082809410750999A326BB074E4 20240828094032270E18C2F47B4B28 202408280940329F31C91EF89F31F9 20240828094032F1FECA86189369B3 2024082809403253A1850BB2C34878 202408280940328DDF3BFE576D9B2F 202408280940326349253AC9E73BBC
다이/몰드,61-80mm Square Opening Dies,HMK-F,http://www.henchld.com/en/61-80mm-Square-Opening-Dies-PG4265074,7,7,1.0,"{""Model"": ""HMK-F"", ""Material"": ""Alloy tool steel：Cr12MoV"", ""Indenter hardness"": ""HRC60-HRC62"", ""Sample size"": ""70×50、80×80mm(M)"", ""Cavity depth"": ""60mm(N)"", ""Dimensions"": ""Φ180×180mm、Φ200×180mm(L×N)"", ""Weight"": ""40、50Kg""}",20240828091722820B354833039244 20240828091723485FCB093F380A1A 2024082809172345774C5CD9BC9968 202408280917239E2E4255C80B261E 20240828091723C9CA1DA556B3130E 202408280917238FC424ED10036A35 20240828091723BEE7BC5585374A12
다이/몰드,41-60mm Square Opening Dies,HMK-F,http://www.henchld.com/en/41-60mm-Square-Opening-Dies-PG4265073,7,7,1.0,"{""Model"": ""HMK-F"", ""Material"": ""Alloy tool steel：Cr12MoV"", ""Indenter hardness"": ""HRC60-HRC62"", ""Sample size"": ""50×50、60×60mm(M)"", ""Cavity depth"": ""55mm(N)"", ""Dimensions"": ""Φ127×150mm、Φ153×150mm(L×N)"", ""Weight"": ""20、30Kg""}",20240828091954BD35D81DCA6175D8 2024082809195443D42CE28DBAAC95 20240828091954D78D7DF7285B3022 202408280919559074620583A3EB91 2024082809195512CCD65EE5B1AAC6 20240828091955832860BEE1F5EEBD 20240828091956E56FC044ECDB97F6
다이/몰드,Bigger Ring Dies,HMO,http://www.henchld.com/en/Bigger-Ring-Dies-PG4265077,7,7,1.0,"{""Model"": ""HMO"", ""Material"": ""Alloy tool steel Cr12MoV"", ""Indenter hardness"": ""HRC60-HRC62"", ""Sample size"": ""Φ30-10、Φ50-20mm(M)"", ""Cavity depth"": ""45mm(d)"", ""Dimensions"": ""Φ72×100mm、Φ88×120mm(D×N)"", ""Weight"": ""3.5、5Kg""}",20240828085456662FAA4F7DC9E976 2024082714545002A5DAE411C45B85 202408271454502A1EFC9958C477B9 20240827145450C9BCFAB200CD07E8 2024082714545093C223B991DE03B7 202408271454505284D04C8825AAA1 20240827145450E0ABB3A92A4354AA
다이/몰드,Ring Dies,HMO,http://www.henchld.com/en/Ring-Dies-PG4265075,6,7,1.0,"{""Model"": ""HMO"", ""Material"": ""Alloy tool steel Cr12MoV"", ""Indenter hardness"": ""HRC60-HRC62"", ""Sample size"": ""Φ7-3、Φ10-5、Φ20-10mm(M)"", ""Cavity depth"": ""40mm(N)"", ""Dimensions"": ""Φ53×120mm(L×N)"", ""Weight"": ""1.4Kg""}",2024082809020968F08F14A4580F7C 20240828085915C6D22D5A7CCB69B0 20240828085915A4939EC3A69CA643 202408280859164EFCABCE61D54A84 20240828085916AA5A16F51322C1C0 2024082808591656EF765657BF5985
다이/몰드,Polygon Dies,HMD,http://www.henchld.com/en/Polygon-Dies-PG4265079,6,7,1.0,"{""Model"": ""HMD"", ""Material"": ""Alloy tool steel：Cr12MoV"", ""Indenter hardness"": ""HRC60-HRC62"", ""Sample size"": ""5×5、10×10、15×15、20×20(M)"", ""Cavity depth"": ""40mm(N)"", ""Dimensions"": ""Φ53×120mm(L×N)"", ""Weight"": ""1.4Kg""}",20240827144355C88F9B818B212207 202408271443553F5782AD037CE3E1 20240827144355DD2DCF117AA2C380 20240827144356B8E5455C44260C0F 20240827144356705D1CF13EBA4E74 20240827144356C4122D24ADE16ED8
다이/몰드,Special Shape Dies,HMT,http://www.henchld.com/en/Special-Shape-Dies-PG4265080,6,7,1.0,"{""Model"": ""HMT"", ""Material"": ""Alloy tool steel Cr12MoV"", ""Indenter hardness"": ""HRC60-HRC62"", ""Sample size"": ""Φ6、Φ8、Φ10、Φ15、Φ20mm(M)"", ""Cavity depth"": ""40mm(N)"", ""Dimensions"": ""Φ53×120mm(L×N)"", ""Weight"": ""1.4Kg""}",2024082711504010B5FC36E8D15D4E 202408271150401FA12CB6135841A9 20240827115040509A8ACDEB90E1C0 202408271150414C06F4D459C76912 20240827115041B9B12C8CEC50999B 2024082711504143FAC75D3E00EC92
다이/몰드,Spherical Dies,HMQ,http://www.henchld.com/en/Spherical-Dies-PG4265076,6,7,1.0,"{""Model"": ""HMQ"", ""Material"": ""Alloy tool steel Cr12MoV"", ""Indenter hardness"": ""HRC60-HRC62"", ""Sample size"": ""Φ6、Φ8、Φ10、Φ15、Φ20mm(M)"", ""Cavity depth"": ""40mm(N)"", ""Dimensions"": ""Φ53×120mm(L×N)"", ""Weight"": ""1.4Kg""}",202408280858052B2BB2696012AE6B 202408280858062EEA49CE87944410 20240828085807A36B29CE03E0BAA8 20240828085807FC1375A5A5AB1AB0 2024082808580791DADE86FA2E0C00 20240828085807216C53B20BD14D85
다이/몰드,Anti-cracking Dies,HML,http://www.henchld.com/en/Anti-cracking-Dies-PG4265081,6,7,1.0,"{""Model"": ""HML"", ""Material"": ""Alloy tool steel：Cr12MoV"", ""Indenter hardness"": ""HRC60-HRC62"", ""Sample size"": ""Φ6、Φ8、Φ10、Φ15mm、Φ15mm(M)"", ""Cavity depth"": ""40mm(N)"", ""Dimensions"": ""Φ98×120mm(L×N)"", ""Weight"": ""5Kg""}",20240827114735A4B28B5DB3E72BEA 20240827114735A329DB4248A7AA47 20240827114735F08823EBF5DB2963 202408271147360C4648A62EE41402 20240827114736C7EC5C42EC808F77 20240827114736D5B9C950AD62731E
다이/몰드,Cylindrical Dies with Scale,HMC,http://www.henchld.com/en/Cylindrical-Dies-with-Scale-PG4265082,6,7,1.0,"{""Model"": ""HMC"", ""Material"": ""Alloy tool steel：Cr12MoV"", ""Indenter hardness"": ""HRC60-HRC62"", ""Sample size"": ""Φ10、Φ12、Φ13、Φ15mm、Φ18mm、Φ20mm(M)"", ""Cavity depth"": ""100mm(N)"", ""Dimensions"": ""Φ53×200mm(L×N)"", ""Weight"": ""4.8Kg""}",20240827114400F367BBF77FBAD029 20240827114400569D45E67A963E6D 202408271144013C0044EB3D8664EE 20240827114401AC0B46A3BB9AB251 20240827114401B188B6C5127758BF 202408271144023CF5C4D29827BF45
다이/몰드,Bigger Spherical Dies,HMQ,http://www.henchld.com/en/Bigger-Spherical-Dies-PG4265078,6,7,1.0,"{""Model"": ""HMQ"", ""Material"": ""Alloy tool steel Cr12MoV"", ""Indenter hardness"": ""HRC60-HRC62"", ""Sample size"": ""Φ30、Φ40、50mm(M)"", ""Cavity depth"": ""60mm(N)"", ""Dimensions"": ""Φ88×150mm(L×N)"", ""Weight"": ""5.8Kg""}",202408271450326A2F8850AF48D450 202408271450321F0534EED0D11F62 20240827145032BCC78EA41B5AFD40 202408271450321611BC64F48830D2 20240827145032199D0F90FE78E197 20240827145032EC4770D5812572D7
다이/몰드,Bidirectional Press Opening Dies,HMS,http://www.henchld.com/en/Bidirectional-Press-Opening-Dies-PG4265083,6,7,1.0,"{""Model"": ""HMS"", ""Material"": ""Alloy tool steel：Cr12MoV"", ""Indenter hardness"": ""HRC60-HRC62"", ""Sample size"": ""Φ12、Φ13、Φ15、Φ18mm、Φ20mm、Φ20mm(M)"", ""Cavity depth"": ""40mm(N)"", ""Dimensions"": ""Φ88×175mm(L×N)"", ""Weight"": ""3.0Kg""}",2024082711414150C8612DDE190080 202408271141412551CDCA16688891 20240827114141A1CD0C0EEA416090 20240827114142FE4BD7F94A5CA4B9 20240827114142340E49EB4DF4266D 2024082711414272B8F55BCADCA45B
다이/몰드,Φ7mmΦ8mmΦ9mmΦ10mm Hard Alloy Dies,HMW-A,http://www.henchld.com/en/7mm-8mm-9mm-10mm-Hard-Alloy-Dies-PG4265085,6,7,1.0,"{""Model"": ""HMW-A"", ""Material"": ""Hard Alloy YT15"", ""Indenter hardness"": ""HRC85-HRC90"", ""Sample size"": ""Φ7、Φ8mm、Φ9mm、Φ10mm(M)"", ""Cavity depth"": ""40mm(N)"", ""Dimensions"": ""Φ40×54mm(L×N)"", ""Weight"": ""0.55Kg""}",202408271138064DE7B66D4C9FDB4F 202408271138064ED2E21BE656A955 2024082711380683FBD3CC9A442A43 20240827113807E28F66B27CE115CE 20240827113807ECF589903E0BB2A9 202408271138072702D7120E3734DA
다이/몰드,Φ21-30mm Hard Alloy Dies,HMW-A,http://www.henchld.com/en/21-30mm-Hard-Alloy-Dies-PG4265087,6,7,1.0,"{""Model"": ""HMW-A"", ""Material"": ""Hard Alloy YT15"", ""Indenter hardness"": ""HRC85-HRC90"", ""Sample size"": ""Φ22、Φ25mm、Φ28mm、Φ30mm(M)"", ""Cavity depth"": ""45mm(N)"", ""Dimensions"": ""Φ73×133mm(L×H)"", ""Weight"": ""3.8Kg""}",202408271127111F94A1D134A523F0 2024082711232865875FE1BC953589 20240827112328FFC82CD6EDFFEE85 202408271123294275F131025EFB0D 20240827112329CE0E486E5C132F79 20240827112329C7C516AF4AD40F8D
다이/몰드,Steel Ring Dies for Fluorometer,HMG,http://www.henchld.com/en/Steel-Ring-Dies-for-Fluorometer-PG4265089,6,7,1.0,"{""Model"": ""HMG"", ""Material"": ""Alloy tool steel：Cr12MoV"", ""Indenter hardness"": ""HRC60-HRC62"", ""Sample size"": ""Φ32、Φ40mm(M)"", ""Cavity depth"": ""45mm(N)"", ""Dimensions"": ""Φ73×133mm(L×N)"", ""Weight"": ""3.2Kg""}",2024082711133915F1C32EBA4EA417 20240827111340BB57DE5A51F9A89C 20240827111340F53A355F661A49F0 20240827111340DE31F1721B477DEF 20240827111341E2C33A5D769C3FD4 2024082711134142CD1EC5FD6E55E5
다이/몰드,Φ11-20mm Hard Alloy Dies,HMW-A,http://www.henchld.com/en/11-20mm-Hard-Alloy-Dies-PG4265086,6,7,1.0,"{""Model"": ""HMW-A"", ""Material"": ""Hard Alloy YT15"", ""Indenter hardness"": ""HRC85-HRC90"", ""Sample size"": ""Φ12、Φ13mm、Φ15mm、Φ18mm、Φ20mm(M)"", ""Cavity depth"": ""40mm(N)"", ""Dimensions"": ""Φ53×120mm(L×H)"", ""Weight"": ""1.8Kg""}",202408271126343353D7966DFBE1BD 20240827112634B8EFA9343911A8D0 2024082711263584A900E80E721AAE 20240827112635BC6EB0FA934FAE5E 202408271126353A8037AE1A1DF684 20240827112635B8A7A38774401FC5
다이/몰드,Boric Acid Dies for Fluorometer,HMP,http://www.henchld.com/en/Boric-Acid-Dies-for-Fluorometer-PG4265088,6,7,1.0,"{""Model"": ""HMP"", ""Material"": ""Alloy tool steel：Cr12MoV"", ""Indenter hardness"": ""HRC60-HRC62"", ""Sample size"": ""Φ32、Φ40mm(M)"", ""Cavity depth"": ""45mm(N)"", ""Dimensions"": ""Φ73×133mm(L×N)"", ""Weight"": ""3.2Kg""}",20240827111821656FB19D064B682F 2024082711182270CD0C362DD286AF 20240827111822BC0E283E25EE2FAA 20240827111823D0B83E58024A788F 20240827111824C9EF53E5DDD23FEF 20240827111824E51B49C011460C9F
다이/몰드,Button Battery Removal Dies,HMN-B,http://www.henchld.com/en/Button-Battery-Removal-Dies-PG4265093,5,5,1.0,"{""Model"": ""HMN-B"", ""Indenter hardness"": ""Optional CR16、CR20、CR24、CR30"", ""Pressure"": ""0.4T"", ""Dimensions"": ""Φ60×140mm(L×H)"", ""Weight"": ""1.85Kg""}",202408271039255667FCBF321295D4 20240827103926F376258296727156 2024082710392666F6F5C4A2483F9F 2024082710392693EA8D3B755AC6ED 202408271039263034E155D1CA32BD
다이/몰드,Button Battery Sealing Dies,HMN-C Dual-purpose dieSealing and openingSealing functionCR20 Series button battery,http://www.henchld.com/en/Button-Battery-Sealing-Dies-PG4265094,5,4,1.0,"{""Model"": ""HMN-C Dual-purpose dieSealing and openingSealing functionCR20 Series button battery"", ""Sealing pressure"": ""Normal 1T max.Opening functionCR20 Series button battery"", ""Opening pressure"": ""Normal 0.4T max."", ""Weight"": ""0.55Kg""}",2024082710320867BD0E67BB06D243 202408271032086875CA88118E3492 2024082710320925748BFC6DBF0B8C 202408271032093CE07351BA1CAADF 20240827103209589B74FC185ADBB0
다이/몰드,Button Battery Sealing Dies,HMN-A,http://www.henchld.com/en/Button-Battery-Sealing-Dies-PG4265092,5,5,1.0,"{""Model"": ""HMN-A"", ""Indenter hardness"": ""Optional CR16、CR20、CR24、CR30"", ""Sealing pressure"": ""Normal 0.8-1.2T"", ""Dimensions"": ""Φ60×140mm(L×H)"", ""Weight"": ""1.85Kg""}",20240827104347636E31930474C770 2024082710434833B16267F24F396E 202408271043484A5C590C8EF4A20B 2024082710434805018D3721E90FA6 2024082710434855F26FC1AE3F06C3
다이/몰드,300°C Square Plate Hot Dies 100mm,HCH-PA,http://www.henchld.com/en/300-C-Square-Plate-Hot-Dies-100mm-PG4265097,1,8,1.0,"{""Model"": ""HCH-PA"", ""Temperature"": ""Room temperature-300℃"", ""Material"": ""Alloy tool steel：Cr12MoV"", ""Indenter hardness"": ""HRC60-HRC62"", ""Sample size"": ""＜Φ100mm(M)"", ""Sample thickness"": ""0.02-0.1mm（N）"", ""Dimensions"": ""Φ100×100×120mm(L×W×H)"", ""Weight"": ""8Kg""}",20240827101747104A60AD6AC7E8E5
다이/몰드,300°C Plate Hot Dies,HCH-PB,http://www.henchld.com/en/300-C-Plate-Hot-Dies-PG4265098,1,10,1.0,"{""Model"": ""HCH-PB"", ""Temperature"": ""Room temperature-300℃"", ""Material"": ""Alloy tool steel：Cr12MoV"", ""Indenter hardness"": ""HRC60-HRC62"", ""Sample size"": ""＜Φ180mm(M)"", ""Sample thickness"": ""0.02-0.1mm（N）"", ""Dimensions"": ""3Φ300×300×130mm(L×W×H)"", ""Weight"": ""32Kg、38kg、88kg""}",20240827101436892A53A0D958FC4E
다이/몰드,500°C Square Plate Hot Dies,HCH-GA,http://www.henchld.com/en/500-C-Square-Plate-Hot-Dies-PG4265099,1,8,1.0,"{""Model"": ""HCH-GA"", ""Temperature"": ""Room temperature-500℃"", ""Material"": ""Alloy tool steel：Cr12MoV"", ""Indenter hardness"": ""HRC60-HRC62"", ""Sample size"": ""＜Φ100mm(M)"", ""Sample thickness"": ""0.02-0.1mm（N）"", ""Dimensions"": ""1Φ100×100×120mm(L×W×H)"", ""Weight"": ""12Kg""}",2024082710095109908015A4541E93
다이/몰드,500°C Square Plate Hot Dies 180-300mm,HCH-GB,http://www.henchld.com/en/500-C-Square-Plate-Hot-Dies-180-300mm-PG4265100,1,10,1.0,"{""Model"": ""HCH-GB"", ""Temperature"": ""Room temperature-500℃"", ""Material"": ""Alloy tool steel：Cr12MoV"", ""Indenter hardness"": ""HRC60-HRC62"", ""Sample size"": ""＜Φ180mm(M)"", ""Sample thickness"": ""0.02-0.1mm（N）"", ""Dimensions"": ""3Φ300×300×130mm(L×W×H)"", ""Weight"": ""42Kg、48kg、108kg""}",20240827100128406ED74C6A96218B
다이/몰드,500℃ Cylindrical Hot Dies,HCH-G,http://www.henchld.com/en/500-Cylindrical-Hot-Dies-PG4265096,1,8,1.0,"{""Model"": ""HCH-G"", ""Material"": ""Alloy tool steel：Cr12MoV"", ""Indenter hardness"": ""HRC60-HRC62"", ""Sample size"": ""Φ10、Φ13、Φ15、Φ20mm、Φ30、Φ40mm(M)"", ""Cavity depth"": ""45mm(N)"", ""Dimensions"": ""Φ78×138mm、Φ90×138mm(L×H)"", ""Power supply"": ""220V/300W"", ""Weight"": ""2.7Kg""}",20240827102055501EECF7D120EADD
다이/몰드,300°C Cylindrical Hot Dies,HCH-M,http://www.henchld.com/en/300-C-Cylindrical-Hot-Dies-PG4265095,1,8,1.0,"{""Model"": ""HCH-M"", ""Material"": ""Alloy tool steel：Cr12MoV"", ""Indenter hardness"": ""HRC60-HRC62"", ""Sample size"": ""Φ10、Φ13、Φ15、Φ20mm、Φ30、Φ40mm(M)"", ""Cavity depth"": ""45mm(N)"", ""Dimensions"": ""Φ78×138mm、Φ90×138mm(L×H)"", ""Power supply"": ""220V/300W"", ""Weight"": ""2.7Kg""}",20240827102320D14DCB591FA75903
다이/몰드,13mm IR Dies（No demoulding required）,HM-2,http://www.henchld.com/en/13mm-IR-Dies-No-demoulding-required-PG4265103,2,7,0.926,"{""Model"": ""HM-2"", ""Material"": ""Hard Alooy YT-15"", ""Indenter hardness"": ""HRC85-HRC90"", ""Diameter"": ""13mm(M)"", ""Cavity depth"": ""10mm(N)"", ""Dimensions"": ""76×50×70mm (L×W×H)"", ""Weight"": ""0.75Kg""}",2025022809335234561CE959D30DC7 20240827094625EBDABC27A9A31D61
다이/몰드,IR Dies（demoulding）,HM-12,http://www.henchld.com/en/IR-Dies-demoulding-PG4265104,6,7,0.924,"{""Model"": ""HM-12"", ""Material"": ""Hard Alloy YT15"", ""Indenter hardness"": ""HRC85-HRC90"", ""Diameter"": ""13mm(M)"", ""Cavity depth"": ""20mm(N)"", ""Dimensions"": ""50×78mm (L×W×H)"", ""Weight"": ""0.76Kg""}",20240827093744A36FF1890E73957A 202408270937459E444F11FA1543BB 202408270937453DC67F2A532A938D 20240827093745E867894EFE98DB22 202408270937454DB447ABDD89ED03 202408270937454B964CFA23BF9EA3
기타,Manual battery slicer,CMS-10,http://www.henchld.com/en/Manual-battery-slicer-PG10210465,7,10,1.0,"{""Instrument model"": ""CMS-10"", ""Mold material"": ""3 chromium 13# die steel (quenched)"", ""Punching pressure"": ""Max:200Kg"", ""Punch stroke"": ""Max:16mm"", ""Receiving box"": ""anti-static ABS material"", ""Slice size"": ""3~24mm(customizable)"", ""Suitable material"": ""lithium positive or negative electrode sheet, diaphragm sheet"", ""Dimensions"": ""120x205x285mm"", ""Weight"": ""10.5Kg"", ""Standard tool head"": ""Φ12mm, diameter l6mm""}",20240902142924AE0439E2E823051A 20240902142924B3622D6524A47A4F 20240902142925165F792E43C2464B 20240902142925E46D6D1C8B5D1847 20240902142925FF13F4C852A2CA53 20240902142925383B010C1BA6C443 20240902142925AE93FA513793EFC7
